authority,type,state,start,decided,address,postcode,applicant,desc,link
Birmingham,Full,Conditions,2000-02-01,2000-04-06,Avenue Road Land at Aston,,See source,"Erection of data centre (Class B1)/offices, car parking and access",https://www.planit.org.uk/planapplic/Birmingham/2000/00469/PA/
Hillingdon,Full,Permitted,2000-02-15,2000-08-15,FORMER DIRECT LINE VEHICLE REPAIR CENTRE CLAYTON ROAD HAYES,,,CHANGE OF USE FROM VEHICLE REPAIR CENTRE TO TELEHOUSE DATA CENTRE,https://www.planit.org.uk/planapplic/Hillingdon/6910/APP/2000/368/
Tower Hamlets,Full,Permitted,2000-06-28,2001-04-19,"Former Car Park At Corner Of Nutmeg Lane And Saffron Avenue, Nutmeg Lane, London, E14 2BD",E14 2BD,See source,"Erection of a 10 storey building for use as a data centre with ancillary offices, switch centre and technical and engineering operational support facilities, car parking at ground floor level (accessed from Rosemary Drive) and 4 retail units fronting Saffron Avenue, together with external landscaping.",https://www.planit.org.uk/planapplic/TowerHamlets/PA/00/00076/
Brent,Full,Withdrawn,2000-08-17,2001-02-01,"HARKWELL ADHESIVE LABELS, 5 Willen Field Road, Park Royal, London, NW10 7BQ",NW10 7BQ,See source,"Change of use from industrial warehouse to data centre use, with extension to the internal mezzanine floor and new external structures to house the ancilliary compound, plant and machinery",https://www.planit.org.uk/planapplic/Brent/00/1892/
West Lothian,Full,Conditions,2000-09-18,2000-10-17,"- Easter Inch, Bathgate",,See source,Erection of a temporary data centre,https://www.planit.org.uk/planapplic/WestLothian/LIVE/0891/FUL/00/
Tower Hamlets,Full,Permitted,2000-09-29,2000-10-04,"1-7 Brick Lane, London, E1 6PU",E1 6PU,See source,"Use of building as a Data Centre, installation of roof level plant machinery/equipment and acoustic screen and alterations to the external elevations including the provision of a new entrance",https://www.planit.org.uk/planapplic/TowerHamlets/PA/00/00819/
Enfield,Full,Conditions,2000-10-16,2001-09-04,"59, Lockfield Avenue, Enfield, Middlesex, EN3",,See source,Redevelopment of site by the demolition of existing industrial unit and erection of new data centre (B2 use).,https://www.planit.org.uk/planapplic/Enfield/TP/00/1640/
Hammersmith and Fulham,Full,Permitted,2000-12-15,2001-02-28,54 Wood Lane London W12 7RQ,W12 7RQ,See source,"Change of use of building from a distribution warehouse to a high-tech datacentre with: ancillary reception and office facilities; replacement of part of the existing loading yard to the rear (east side) with a fenced off plant compound housing generators, fuel storage and air-conditioning chiller units; a new electricity substation; a covered walkway link to the existing gatehouse and a feature lobby at the south western corner; replacement of existing slot windows with ""oriel"" windows; other minor elevational alterations; a landscaped garden; and alterations to the layout of the existing car parking area reducing the existing 74 parking spaces to 60.",https://www.planit.org.uk/planapplic/Hammersmith/2000/03125/FUL/
Slough,Full,Conditions,2001-01-25,2001-03-27,"724-, DUNDEE ROAD, SLOUGH, BERKS",,See source,CHANGE OF USE FROM B8 (STORAGE AND DISTRIBUTION) TO A SUI GENERIS INTERNET DATA CENTRE,https://www.planit.org.uk/planapplic/Slough/P/02933/004/
Southwark,,Permitted,2001-03-01,2001-03-07,Deutsche Bank Data Centre Marine Wharf Plough Way SE16,,See source,"Construction of a two storey building to the side of the Deutsche Bank Data Centre to house generator, chillers and UPS and associated switchgear.",https://www.planit.org.uk/planapplic/Southwark/01/OB/0012/
Nottingham,Full,Conditions,2001-07-02,2001-09-13,The Boots Co Plc Thane Road Nottingham NG2 3AA,NG2 3AA,See source,Erection of data centre building.,https://www.planit.org.uk/planapplic/Nottingham/01/01385/PFUL3/
Tower Hamlets,Full,Permitted,2001-10-15,2002-06-12,"No 1 The Gateway, Poplar Business Park, Prestons Road, London, E14",,See source,Erection of a ten storey building and associated landscaping and its use as offices or a switch data centre (Class B1) with 14 basement and ground floor car parking spaces.,https://www.planit.org.uk/planapplic/TowerHamlets/PA/01/01110/
Tower Hamlets,Full,Permitted,2001-11-07,2002-01-10,"Global Switch House, 3 Nutmeg Lane, London, E14",,See source,"Alterations during the course of construction to the scheme granted permission on 19th April 2001 (PA/00/76) for the erection of a 10 storey building and its use as a data centre plus 4 retail units fronting Saffron Avenue: - Use of the retail units as offices, an ancillary restaurant and gymnasium plus associated elevational works.",https://www.planit.org.uk/planapplic/TowerHamlets/PA/01/01466/
Charnwood,Full,Permitted,2001-11-22,2002-01-03,"Astra Charnwood, Bakewell Road, Loughborough, Leicestershire, LE11 5RH",LE11 5RH,See source,Erection of single storey building for data centre. (137sq.m),https://www.planit.org.uk/planapplic/Charnwood/P/01/2942/2/
Tower Hamlets,Full,Permitted,2002-01-22,2002-02-01,"443-451 Westferry Road, London, E14 3AN",E14 3AN,See source,"Change of use from B8 warehouse use to 'data centre' with external refurbishment works and landscaping.(Revised application to approved scheme dated 01/05/01, Ref: PA/00/1768)",https://www.planit.org.uk/planapplic/TowerHamlets/PA/01/01038/
Slough,Full,Referred,2002-02-05,2003-05-06,"Poyle Manor, Poyle Road, Slough, Berkshire",,See source,"ERECTION OF A DATA CENTRE 29.206M2 (4 STOREY) (THE ELECTRONIC STORAGE AND DISTRIBUTION OF DATA), ELECTRICITY SUB-STATION, PROVISION OF 62 CAR PARKING SPACES, SERVICE YARDS AND PROVISION OF LANDSCAPING (AMENDED PLANS DATED 29/10/02)",https://www.planit.org.uk/planapplic/Slough/P/10914/005/
Tower Hamlets,Full,Rejected,2002-03-04,2002-11-08,"Block C, Trumans Brewery 91-95 Brick Lane, London, E1",,See source,"Conversion and change of use from beer storage to provide (i) two restaurants on the ground floor; (ii) a data centre on the first, second and third floors; and (iii) offices on the remaining parts of the second and third floors, and on the fourth floor, together with alterations to the elevations of the building, including the installation of a new shopfront and the erection of two fume extraction ducts to the rear elevations.",https://www.planit.org.uk/planapplic/TowerHamlets/PA/01/00492/
Wiltshire,Full,Conditions,2002-03-12,2002-04-29,"Unit H3, Lydiard Fields , Lydiard Tregoz, Swindon,",,See source,"CHANGE OF USE FROM B8 AND B1(c) TO B8, B1(c) AND TELECOMMUNICATION USE AS DATA CENTRE WITH ERECTION OF EXTERNAL PLANT, ALTERATIONS TO ELEVATIONS AND ACCESS TO HIGHWAY",https://www.planit.org.uk/planapplic/Wiltshire/N/02/00618/FUL/
Ealing,Full,Conditions,2002-05-14,2003-03-07,55 Chase Road London NW106LU,NW10 6LU,See source,Change of use of existing warehouse building from storage/distribution (B8) to telecom data centre (Sui Generis Use),https://www.planit.org.uk/planapplic/Ealing/P/2002/1702/
Woking,Amendment,Permitted,2002-07-02,2002-08-15,Units 1AND 2 Byfleet Tech Centre Canada Road West Byfleet Byfleet Surrey KT14 7JX,KT14 7JX,,"Change of use from B1c Industrial Use to Data Centre Use (Sui generis), and Classes B1, B2 (general industry) and B8 (warehousing and distribution)",https://www.planit.org.uk/planapplic/Woking/PLAN/2002/0757/
South Gloucestershire,Full,Conditions,2002-07-26,2002-09-09,Parkgate Aztec West Business Park Almondsbury South Gloucestershire BS32,,See source,"Installation of generator, switchgear and external cooling plant associated with telecommunication data centre.",https://www.planit.org.uk/planapplic/SouthGloucestershire/PT02/2365/F/
Durham,Full,Permitted,2002-09-12,2002-10-29,Durham County Probation Service Forest House Aykley Heads Business Centre Aykley Heads Durham DH1 5TS,DH1 5TS,See source,External alteration to existing garage to provide a data centre and external chiller unit,https://www.planit.org.uk/planapplic/CountyDurham/4/02/00840/FPA/
Tower Hamlets,Full,Permitted,2002-11-15,2003-02-05,"Global Switch House 3 Nutmeg Lane, London, E14",,See source,"Alterations during the course of construction to the scheme granted permission on 19th April 2001 (PA/00/76) and amended on 10th January 2002 (PA/01/1466) for the erection of a 10 storey building and its use as a data centre, offices, an ancillary restaurant and gymnasium (Class B1) - Erection of a new lay-by on Coriander Avenue and amendments to staircases A, B, C & D, including new ramps.",https://www.planit.org.uk/planapplic/TowerHamlets/PA/02/00488/
Elmbridge,Full,Permitted,2003-04-08,2003-07-01,British Telecom Heath Road Weybridge Surrey KT138TA,KT13 8TA,See source,"Partial change of use of data centre to ancillary offices, alterations to elevational appearance, provision of a new goods only external equipment hoist, provision of a sub station and siting of a cooling condenser",https://www.planit.org.uk/planapplic/Elmbridge/2003/0929/
Wakefield,Full,Permitted,2003-07-08,2003-08-28,Union Square Trinity Church Gate Wakefield,,See source,Change of use from warehouse to computer data centre (B1) with car parking to ground floor; external alterations,https://www.planit.org.uk/planapplic/Wakefield/03/99/05106/H/
Edinburgh,Full,Permitted,2003-08-28,2003-12-18,Junction 2 Industrial Estate Claylands Road Newbridge EH28 8LF,EH28 8LF,See source,Construct a data centre for an internet services company,https://www.planit.org.uk/planapplic/Edinburgh/03/03204/FUL/
Fareham,Amendment,Permitted,2003-10-10,2003-12-05,Unit 3 The I O Centre Stephenson Road Fareham PO15 5RU,PO15 5RU,,Change Of Use From B1/B8 To Data Centre (Sui Generis),https://www.planit.org.uk/planapplic/Fareham/P/03/1561/CU/
Surrey Heath,Full,Conditions,2003-12-29,2004-03-10,Nokia Telecommunications Stanhope Road Camberley,,See source,Change of use from production hall to data centre and installation of associated external plant units with associated alterations. (Additional info rec`d 29.1.2004).,https://www.planit.org.uk/planapplic/SurreyHeath/03/1399/
BCP,Full,Permitted,2004-09-20,2004-12-15,Vale Road Bournemouth Central Business Park,,See source,Erection of 2 storey Data Centre with ancillary facilities,https://www.planit.org.uk/planapplic/BCP/7-2004-6531-AF/
Solihull,Outline,Permitted,2004-11-01,2005-07-07,T R W Electrical & Electronic Systems Stratford Road Shirley Solihull B90 4GW,B90 4GW,See source,"Demolition of vacant data centre, tandem buildings and ancillary block (2,368 sq. M). Redevelopment of site for offices (up to 32,529 sq. M) (use class B1), hotel (use class C1), nursing home (use class C2) and car dealership. Site access and spine road, landscaping, car parking and associated works. Outline application with the following matters to be determined at this stage: means of access into site and spine road within the site; full details of the offices on plots ND5 and plots ND6; and car showroom on plot ND8.",https://www.planit.org.uk/planapplic/Solihull/PL/2004/02649/OLM/
High Peak,Full,Permitted,2004-12-02,2005-01-13,"Tarmac Central Ltd, Tunstead House, Tunstead, Buxton, Derbyshire, SK178TG",SK17 8TG,See source,Construction of new IT data Centre,https://www.planit.org.uk/planapplic/HighPeak/HPK/2004/1119/
Slough,Full,Conditions,2004-12-21,2005-02-22,"724-729, DUNDEE ROAD, SLOUGH, BERKS",,See source,ERECTION OF EXTENSION TO BUILDING AND CHANGE OF USE TO DATA CENTRE (SUI GENERIS),https://www.planit.org.uk/planapplic/Slough/P/02933/006/
East Staffordshire,Amendment,Permitted,2005-02-07,2005-03-24,Telephone Exchange Fleet Street Burton Upon Trent Staffordshire DE14 3RS,DE14 3RS,See source,Change of use of part of fifth floor from telephone exchange (Use Class - Sui Generis) to data centre (Use Class - Sui Generis) with associated external alterations to the north and east elevations.,https://www.planit.org.uk/planapplic/EastStaffordshire/CU/14376/013/
York,Full,Permitted,2005-06-21,2005-08-16,PLOT 5 Tribune Way York,,See source,Change of use from data centre/telephone exchange to parcels distribution centre,https://www.planit.org.uk/planapplic/York/05/01329/FUL/
Telford,Full,Permitted,2005-06-28,2005-08-23,"Land off, Audley Avenue, Newport, Shropshire.",,See source,Erection of a data centre,https://www.planit.org.uk/planapplic/Telford/W2005/0776/
Sheffield,Full,Permitted,2005-09-15,2005-11-01,"Former Rolling Mill Site, (ex Avesta Steelworks), Shepcote Lane Sheffield",,See source,Erection of a single storey building for use as a data centre (Sui Generis use) and for storage and distribution (B8 use class),https://www.planit.org.uk/planapplic/Sheffield/05/03602/FUL/
Nottingham,Full,Conditions,2005-09-28,2005-10-26,Chapel Quarter Chapel Bar Nottingham,,See source,Change of use of part of 3rd floor from health and fitness (D2) to offices and ancillary data centre use (B1).,https://www.planit.org.uk/planapplic/Nottingham/05/01980/PFUL3/
Mole Valley,Full,Conditions,2005-12-08,2006-02-02,"BT Data Centre, Chesterfield Park, Reigate Road, Buckland, Reigate, Surrey, RH2 9TB document.write("" . View Map "");",RH2 9TB,See source,Installation of 6 containerised units to rear car park. Units house emergency generator system to feed existing data centre.,https://www.planit.org.uk/planapplic/MoleValley/MO/2005/2006/
Reigate,Outline,Permitted,2005-12-16,2005-12-28,BT Data Centre Chesterfield Park Reigate Road Buckland Reigate Surrey RH2 9TB,RH2 9TB,See source,"Installation of 6 containerised units to rear car park. Units house emergency generator system to feed existing data centre. (Drwg No. L(0)100, 200)",https://www.planit.org.uk/planapplic/Reigate/05/02697/CONLA/
Nottingham,Full,Conditions,2005-12-22,2006-04-13,J Howitt & Son Ltd Bennerley Road Nottingham NG6 8PQ,NG6 8PQ,See source,"Erection of raised platform to rear of building and provision of new plant, security, reconfiguration of car parking and erection of replacement fencing in association with use of existing building as a data centre.",https://www.planit.org.uk/planapplic/Nottingham/05/02592/PFUL3/
Tonbridge,Outline,Permitted,2006-01-09,2006-02-14,Unit A Link 20 Redundant Wastewater Treatment Works Bellingham Way Aylesford Kent,,See source,"Lawful Development Certificate Proposed: Use as a data centre and a computer, data and telecommunications exchange",https://www.planit.org.uk/planapplic/Tonbridge/06/00059/LDCP/
Winchester,Full,Permitted,2006-01-13,2006-09-29,DSTL Portsdown West Portsdown Hill Road South Boarhunt Fareham Hampshire PO17 6AD,PO17 6AD,See source,"Major refurbishment of the two court buildings; insertions and additions into courtyards; new data centre, screening building and ancillary buildings/enclosures; 400 car parking spaces and upgrade vehicle access",https://www.planit.org.uk/planapplic/Winchester/06/00105/FUL/
Wiltshire,,Conditions,2006-01-16,2006-05-02,"D S T L, PORTON DOWN, SALISBURY, SP4 0JQ",SP4 0JQ,,"DEMOLITION OF EXISTING BUILDINGS AND CONSTRUCTION OF NEW OFFICES, DATA CENTRE, FIRE STATION, EXTENSION TO EXISTING RESTAURANT AND ASSOCIATED PARKING AND LANDSCAPING.",https://www.planit.org.uk/planapplic/Wiltshire/S/2006/0107/
Caerphilly,Other,Conditions,2006-02-01,2006-03-09,Caerphilly County Borough Council Council Buildings Nelson Road Tredomen Ystrad Mynach Hengoed CF82 7WF,CF82 7WF,See source,"Refurbish existing, create new IT Data Centre, Training Suite and two extensions for OCC Health and Print Centre",https://www.planit.org.uk/planapplic/Caerphilly/P/06/0121/
Hillingdon,Full,Permitted,2006-03-15,2007-01-30,"PLOT 3, STOCKLEY PARK (PHASE 3) HORTON ROAD YIEWSLEY",,,"ERECTION OF A DATA CENTRE WITH ANCILLARY PLANT INCLUDING A SUBSTATION, CAR PARKING, LANDSCAPING AND ASSOCIATED ANCILLARY WORKS.",https://www.planit.org.uk/planapplic/Hillingdon/37977/APP/2006/795/
BCP,Full,Permitted,2006-03-17,2006-05-11,RDC Vale Road,,See source,Erection of a 2 storey data centre with ancillary facilities (Amended Plan).,https://www.planit.org.uk/planapplic/BCP/7-2006-6531-AL/
Crawley,,Permitted,2006-04-19,2006-06-08,"UNITS 6,7 & 8, GLENEAGLES COURT, BRIGHTON ROAD, SOUTHGATE, CRAWLEY",,See source,INSTALLATION OF A CHILLER UNIT TO SUPPLY AIR CONDITIONING TO THE NEW COMPUTER DATA CENTRE,https://www.planit.org.uk/planapplic/Crawley/CR/2006/0226/FUL/
Camden,Heritage,Permitted,2006-05-02,2006-06-27,London School Of Hygiene And Tropical Medicine Keppel Street London WC1E 7HT,WC1E 7HT,See source,"Internal and external works in connection to the relocation of the data centre from basement area of west lightwell of South Courtyard to lower ground floor of Gower Street wing and erection of plant deck on lean-to structure in North Courtyard, including installation of pipework.",https://www.planit.org.uk/planapplic/Camden/2006/2047/L/
Crawley,,Permitted,2006-05-03,2006-06-08,"UNITS 3 & 4, GLENEAGLES COURT, BRIGHTON ROAD, SOUTHGATE, CRAWLEY",,See source,INSTALLATION OF A CHILLER UNIT TO SUPPLY AIR CONDITIONING TO THE COMPUTER DATA CENTRE,https://www.planit.org.uk/planapplic/Crawley/CR/2006/0253/FUL/
Surrey Heath,Full,Conditions,2006-06-23,2006-10-05,Merrill Lynch Data Centre Stanhope Road Camberley Surrey,,,"Extension and alteration to existing data centre together with the installation of associated plant, replacement of part of the existing facade, modifications to existing access and car park layout, boundary treatment and landscaping. (Additional info rec'd 01/09/06).",https://www.planit.org.uk/planapplic/SurreyHeath/06/0616/
Reigate,Outline,Permitted,2006-07-04,2006-07-25,BT Data Centre Chesterfield Park Buckland Road Reigate Surrey,,See source,Installation of six containerised units to rear car park. Units house emergency generator system to feed existing data centre.,https://www.planit.org.uk/planapplic/Reigate/06/01353/CONLA/
Three Rivers,Full,Permitted,2006-07-07,2006-08-22,Avalon House 6 Wolsey Business Park Tolpits Lane Rickmansworth Hertfordshire WD18 9BL,WD18 9BL,See source,Part change of use from B8 Storage Warehouse to B1 Business Use to form data centre,https://www.planit.org.uk/planapplic/ThreeRivers/06/1182/FUL/
Solihull,Full,Permitted,2006-08-24,2006-10-06,Atos Origin Unit 3300 Solihull Parkway Birmingham Business Park Solihull B37 7YQ,B37 7YQ,See source,Erection of two new compounds to screen new generators and new transformer for upgrade of data centre.,https://www.planit.org.uk/planapplic/Solihull/PL/2006/01527/FULL/
Sunderland,Full,Permitted,2006-08-30,2006-12-12,Knowledge Business Systems New Century House Crowther Road Crowther Washington,,See source,"Erection of a new office block to house IT support with open plan offices, data centre and additional 41 parking spaces",https://www.planit.org.uk/planapplic/Sunderland/06/03572/FUL/
Reigate,Outline,Permitted,2006-09-25,2006-10-13,BT Data Centre Chesterfield Park Buckland Road Reigate,,See source,Installation of six containerised units to the existing rear car park to house emergency generatory plant to feed existing data centre. Installation includes twenty external air conditioning condenser units to ground floor north and west elevationsDrawing No: L(0)100,https://www.planit.org.uk/planapplic/Reigate/06/01839/CONLA/
Renfrewshire,Full,Conditions,2006-09-29,2007-02-01,Land To West Of Junction With Stephenson Street Gordon Avenue Hillington Park Glasgow,,See source,Erection of data centre.,https://www.planit.org.uk/planapplic/Renfrewshire/06/1047/PP/
Argyll,Full,Permitted,2006-10-19,2006-11-09,Data Centre H M Naval Base Clyde Faslane Argyll And Bute G84 8HL,G84 8HL,See source,Erection of data centre (unmanned),https://www.planit.org.uk/planapplic/Argyll/06/02206/DET/
Wokingham,Outline,Permitted,2006-10-26,2007-08-02,Winnersh Triangle Wharfedale Road Winnersh Wokingham RG415ZZ,RG41 5ZZ,See source,"Outline planning application with all matters reserved except details of means of access to the site for development providing up to 191,100 sq m gross external area of built floorspace (in total) for Class B1 (a), (b) and (c) (including data centre use); Class D1; Class D2; Class C1; Class A1, A2, A3, A4, A5. Such development to include: Highways and public transport facilities; Pedestrian, cyclist and vehicular ways; Pedestrian footbridge; Vehicle parking; Laying out open space; Landscaping; Ground work s; Drainage works; Provision and/or upgrade of services and related media and apparatus; Miscellaneous ancillary development (including security office, bin stores and cycle stores) and associated engineering and other operations.",https://www.planit.org.uk/planapplic/Wokingham/062485/
Sevenoaks,Full,Permitted,2006-12-05,2007-02-22,North Downs Business Park North Downs Business Park Limepit Lane Dunton Green Sevenoaks Kent,,See source,Change of use of units 11-14 from B8 and B1 (warehousing and office) to B1(data centre),https://www.planit.org.uk/planapplic/Sevenoaks/06/03157/FUL/
Isle of Man,Full,Permitted,2006-12-11,2007-03-19,The Old Shoe Factory Ronaldsway Industrial Estate Ronaldsway Ballasalla Isle Of Man IM9 2AS,IM9 2AS,,"Convert existing building to a data centre facility and erection of external plant, security fence and pole mounted CCTV camera",https://www.planit.org.uk/planapplic/IsleOfMan/06/02144/B/
Mid Sussex,Full,Permitted,2006-12-13,2007-03-12,Phase 3B Birches Industrial Estate East Grinstead West Sussex,,See source,"Erection of new B1 data centre, support offices and mechanical/electrical plant",https://www.planit.org.uk/planapplic/MidSussex/06/02712/FUL/
Lewisham,Full,Permitted,2006-12-20,2007-03-14,"Riverdale Data Centre, 66 Molesworth Street, London, SE13",,See source,"The installation of two cantilever lifting beams on the rear elevation of Riverdale Data Centre, 66 Molesworth Street SE13 at roof level.",https://www.planit.org.uk/planapplic/Lewisham/DC/06/064428/X/
Hounslow,Full,Permitted,2007-01-02,2007-03-29,Excaliber Heathrow Gateway Plot 3 Godfrey Way Hanworth Road Hounslow London,,See source,"Change of use of 1500 sq metres of industrial/warehouse floorspace [B1c, B2 and B8] at ground floor level to Computer Data Centre to provide computer back up [B1 (a)] and provision of mezzanine comprising 500 sq metres floorspace to accommodate air conditioning plant and equipment for data centre, and external alterations to south elevation of building to incorporate louvres.",https://www.planit.org.uk/planapplic/Hounslow/P/2007/0034/
Richmond,Outline,Permitted,2007-01-12,2007-02-28,"Plot 3, Godfrey Way, Hounslow, TW4",,,Change Of Use From Class B8 (Distribution Warehouse) To Class B1 (New Data Centre) To The Existing Premises.,https://www.planit.org.uk/planapplic/Richmond/07/0081/CON/
Welwyn Hatfield,Full,Conditions,2007-02-05,2007-05-18,"FORMER GLAXO SMITH KLINE SITE, MUNDELLS, WELWYN GARDEN CITY, HERTFORDSHIRE, AL7",,See source,ERECTION OF DATA CENTRE WITH ANCILLARY OFFICE AND PLANT,https://www.planit.org.uk/planapplic/WelwynHatfield/N6/2007/0182/MA/
South Gloucestershire,Full,Conditions,2007-04-23,2007-06-18,Unit 1 & 2 Abbey Wood Business Park Emma Chris Way Filton BRISTOL South Gloucestershire BS34 7JU,BS34 7JU,,Change of use to internet service provider data centre (Sui Generis). Erection of perimeter fence and installation of plant,https://www.planit.org.uk/planapplic/SouthGloucestershire/PT07/1361/F/
Aylesbury Vale,Full,Permitted,2007-04-25,2007-06-18,Two Shires Ambulance Station Mandeville Road Aylesbury Buckinghamshire HP21 8GD,HP21 8GD,See source,Conversion of vacant 4 bay ambulance garage into data centre including external alterations and erection of 2.4m high security fencing,https://www.planit.org.uk/planapplic/AylesburyVale/07/01131/APP/
Wiltshire,Full,Conditions,2007-04-25,2007-07-12,"Box Hill Technology Park, Westwells Road, Hawthorn, Corsham, SN13 9EY",SN13 9EY,See source,Construction of New Data Centre Building and Overcladding of Existing Building,https://www.planit.org.uk/planapplic/Wiltshire/N/07/01082/FUL/
Wiltshire,Full,Conditions,2007-04-25,2007-07-24,"Box Hill Technology Park, Westwells Road, Hawthorn, Corsham, SN13 9ET",SN13 9ET,See source,Construction of New Data Centre Building,https://www.planit.org.uk/planapplic/Wiltshire/N/07/01081/FUL/
Rochdale,Full,Conditions,2007-04-26,2007-06-01,"British Telecom, Pitt Street, Rochdale, OL12 0HR",OL12 0HR,See source,Installation Of Replacement Generators In Car Parking Area Of Existing Data Centre,https://www.planit.org.uk/planapplic/Rochdale/07/D49111/
East Dunbartonshire,Full,Permitted,2007-05-15,2008-02-04,Strathkelvin House Campsie Road Kirkintilloch Glasgow,,See source,proposed datacentre extension & compound area with new access road,https://www.planit.org.uk/planapplic/EastDunbartonshire/TP/ED/07/0535/
Isle of Man,Full,Withdrawn,2007-05-21,2007-09-10,Skandia House King Edward Road Onchan Isle Of Man IM3 1RS,IM3 1RS,,Construction of a Data Centre and M&amp;E support facilities,https://www.planit.org.uk/planapplic/IsleOfMan/07/00971/B/
Sheffield,Outline,Permitted,2007-06-11,2007-08-15,"Site Of Former Smithywood Colliery, Cowley Hill And Nether Lane Ecclesfield Sheffield",,See source,Erection of a data centre,https://www.planit.org.uk/planapplic/Sheffield/07/02318/REM/
Welwyn Hatfield,Full,Conditions,2007-06-14,2007-09-13,"FORMER GLAXO SMITH KLINE SITE, MUNDELLS, WELWYN GARDEN CITY, HERTFORDSHIRE, AL7 1LZ",AL7 1LZ,See source,ERECTION OF DATA CENTRE WITH ANCILLARY OFFICE AND PLANT,https://www.planit.org.uk/planapplic/WelwynHatfield/N6/2007/0917/MA/
Richmond,Outline,Permitted,2007-06-27,2007-08-16,Plot 3 Godfrey Way Hanworth Road Whitton Richmond Upon Thames TW4,,,"Change Of Use From Class B8 (Distribution Warehouse) To Class B1 (New Data Centre) Incorporating 4 x New Data Halls. Extensions To The Existing Building To House 3 Generators And Installation Of 2 X 50,000 Litre Underground Fuel/Oil Storage Tanks To The Warehouse.",https://www.planit.org.uk/planapplic/Richmond/07/2327/CON/
Wokingham,Full,Rejected,2007-06-27,2007-12-11,Land At Sandford Farm Mohawk Way Woodley Reading,,See source,"Proposed erection of 150 unit retirement village (Outline) and 8 class B1(a) office buildings (9,290 sq m), 7 class B8 storage and distribution units (18, 580 sq m), 5 class B1(c) light industrial buildings to provide 23 small units (9,290 sq m), a sui ge neris Data centre (9,290 sq m), children's nursery, 29 hectare countryside amenity space and visitors centre, access, car parking/servicing and landscaping (Full).",https://www.planit.org.uk/planapplic/Wokingham/072849/
Hillingdon,Full,Rejected,2007-07-04,2007-10-24,STOCKLEY PARK-PHASE 3 STOCKLEY ROAD WEST DRAYTON,,,"ERECTION OF A 450-BEDROOM HOTEL (CLASS C1) WITH ASSOCIATED BARS, RESTAURANTS, CONFERENCE AND LEISURE FACILITIES, DATA CENTRE (SUI GENERIS) WITH ASSOCIATED PLANT AND OFFICES (CLASS B1) WITH ASSOCIATED LANDSCAPING, NEW ACCESS, INTERNAL ROADS, FOOTWAYS, CYCLE WAYS, 794 PARKING SPACES, ENERGY CENTRE (COMBINED COOLING AND POWER PLANT) AND OTHER ENGINEERING PLANT AND WORKS (OUTLINE APPLICATION).",https://www.planit.org.uk/planapplic/Hillingdon/37977/APP/2007/2377/
Welwyn Hatfield,Full,Permitted,2007-08-06,2007-09-28,"OCADO LTD, GYPSY MOTH AVENUE, HATFIELD, HERTFORDSHIRE, AL10 9BD",AL10 9BD,,PROPOSED NEW VAN WASH FACILITY AND RELOCATION OF THE DATA CENTRE,https://www.planit.org.uk/planapplic/WelwynHatfield/S6/2007/1169/MA/
Stratford on Avon,Full,Conditions,2007-08-23,2007-10-15,20 Timothys Bridge Road Stratford Enterprise Park Stratford-upon-Avon Warwickshire CV37 9BF,CV37 9BF,See source,Alterations to existing building to form new data centre with support facilities,https://www.planit.org.uk/planapplic/StratfordOnAvon/07/02429/FUL/
Gloucester,Full,Permitted,2007-09-12,2007-12-11,Barclays Bank Computer Centre Barnett Way Gloucester GL4 3RT,GL4 3RT,See source,"Erection of a data centre building with associated plant, engineering works, internal access arrangements and landscaping (Amended Scheme)",https://www.planit.org.uk/planapplic/Gloucester/07/01153/FUL/
Surrey Heath,Full,Conditions,2007-09-21,2007-12-05,Merrill Lynch Data Centre Stanhope Road Camberley Surrey GU15 3BW,GU15 3BW,,"Extension and alteration to existing data centre together with installation of associated plant modifications to part of the existing facade; access and car park layout, boundary treatment and landscaping. (Amendment to SU/2006/0616 to provide increased height of stair and lift tower on west elevation). (Retrospective).",https://www.planit.org.uk/planapplic/SurreyHeath/07/1008/
Tower Hamlets,Full,Permitted,2007-11-13,2008-01-07,"UNIT 4 PRINCES COURT BUSINESS CENTRE, 11 Wapping Lane, London, E1W 2DH",E1W 2DH,See source,Change of use of ground floor from business use (B1) to a data centre.,https://www.planit.org.uk/planapplic/TowerHamlets/PA/07/03034/
Flintshire,Full,Permitted,2007-11-23,2008-01-31,Land East of Bradford Soap Works UK Minerva Avenue Chester West Employment Park Chester CH1 4QL,CH1 4QL,See source,Erection of a single storey data centre,https://www.planit.org.uk/planapplic/Flintshire/044296/
Walsall,Outline,Withdrawn,2007-12-12,2008-06-11,"LAND NORTH OF WALSALL TOWN CENTRE,BOUNDED BY LITTLETON STREET WEST,HATHERTON STREET,HATHERTON ROAD,WISEMORE ROUNDABOUT,GREEN LANE,BLUE LANE EAST,PORTLAND STREET,NORTH STREET,TEDDESLEY STREET,ARBORETUM GYRATORY,WALHOUSE ROAD & LICHFIELD STREET,WALSALL",,,"WALSALL GIGAPORT - DEVELOPMENT COMPRISING OF 144,027 SQM OFFICES (USE CLASS B1 (A)), 9,832, SQM DATA CENTRE (SUI GENERIS), 4,645 SQM HOTEL WITH CONFERENCE FACILITIES (USE CLASS C1), 25,210 OF LIVE/WORK SPACE (USE CLASS SUI GENERIS), A 6,720 SQM HEALTH AND SPORTS FACILITY (USE CLASS D2, 635 SQM RETAIL AND/OR RESTAURANT (USE CLASS A1/A3) TOGETHER WITH HIGHWAY WORKS, CAR PARKING, PUBLIC OPEN SPACE, RAILWAY STATION AND ASSOCIATED WORKS.",https://www.planit.org.uk/planapplic/Walsall/07/2659/OL/W7/
Hounslow,Full,Permitted,2007-12-13,2008-01-29,British Airways Cranebank Silver Jubilee Way Hounslow London TW4 6JR,TW4 6JR,See source,Installation of three new satellite dishes and TV aerial to Block 1 of existing data centre.,https://www.planit.org.uk/planapplic/Hounslow/P/2007/3926/
Newport,Full,Conditions,2007-12-19,2008-03-12,Land And Buildings To East Of Quinn Rad Celtic Way Celtic Lakes Newport,,See source,"RE-USE OF THE EXISTING FAB BUILDING AS A DATACENTRE AND THE CONSTRUCTION OF BUILDINGS TO HOUSE STAND-BY GENERATORS, THE PROVISION OF A SECURITY FENCE AND A GATEHOUSE",https://www.planit.org.uk/planapplic/Newport/07/1533/
North Devon,Full,Permitted,2008-02-04,2008-04-03,"RMB CHIVENOR, , CHIVENOR, BARNSTAPLE, EX314AZ",EX31 4AZ,See source,ERECTION OF BUILDING TO HOUSE DATA CENTRE (AMENDED SCHEME),https://www.planit.org.uk/planapplic/NorthDevon/45880/
Wycombe,Full,Permitted,2008-03-19,2008-09-10,Molins Haw Lane Saunderton Buckinghamshire HP14 4JE,HP14 4JE,See source,"Erection of 4 no. Data centre buildings (sui generis use) together with associated groundworks, plant, electricity sub-station, security fence, gates and piers, landscaping, amendment to existing vehicular access(es), internal roads, service areas and provision of 150 car parking spaces with retention of the existing office building and ""Ballroom"" building fronting Haw Lane for ancillary operational uses and demolition of all other buildings and structures",https://www.planit.org.uk/planapplic/Wycombe/08/05740/FULEA/
Bristol,Full,Conditions,2008-03-28,2008-06-20,Southmead Hospital Southmead Road Bristol BS10 5NB,BS10 5NB,See source,Erection of two storey building to provide new Data Centre and associated works. (Land to rear of Christopher Hancock Building).,https://www.planit.org.uk/planapplic/Bristol/08/01465/F/
East Hertfordshire,Full,Conditions,2008-03-31,2008-07-10,"Bury Green Farm, Bury Green, Little Hadham, Herts, SG11 2HE",SG11 2HE,See source,"Erection of 2 no. data centre buildings containing data handling computers, associated plant areas, technical support services and ancillary office area. 2 no external compounds, substation building and associated site works.",https://www.planit.org.uk/planapplic/EastHertfordshire/3/08/0593/FP/
Ealing,Full,Conditions,2008-04-25,2008-07-24,309 Elveden Road Park Royal London NW10 7ST London,NW10 7ST,See source,"Installation of generators, chillers, transformers, pump room, fuel tank and electricity substation and formation of refuse storage area within car park and yard of warehouse and erection of replacement and new fencing in conjunction with the use of the warehouse as a data centre (sui-generis use)",https://www.planit.org.uk/planapplic/Ealing/P/2008/1739/
Brent,Full,Permitted,2008-05-09,2008-06-26,"London Borough Of Brent, Brent House, 349-357 High Road, Wembley, HA9 6BZa",HA9 6BZ,See source,"Conversion of an existing store-room into a new data centre, together with the formation of an external screened area for the installation of a new generator and tank",https://www.planit.org.uk/planapplic/Brent/08/1405/
Walsall,Outline,Conditions,2008-06-10,2008-12-19,"LAND NORTH OF WALSALL TOWN CENTRE, BOUNDED BY LITTLETON STREET WEST, HATHERTON STREET, HATHERTON ROAD.",,,"WALSALL GIGAPORT - OUTLINE APPLICATION (ACCESS ONLY CONSIDERED). ERECTION OF 127,000 SQM OF B1(A) OFFICES, A 4,206 SQM DATA CENTRE, 4,300 SQM HOTEL WITH CONFERENCE FACILITIES, 23,195 SQM OF LIVE/WORK SPACE, A 5,890 SQM HEALTH AND SPORTS FACILITY AND 621 SQM OF A1/A3 (RETAIL/NON-RETAIL) FLOORSPACE TOGETHER WITH ASSOCIATED HIGHWAYS WORKS, PUBLIC TRANSPORT FACILITIES, NEW PUBLIC SQUARE, LANDSCAPING AND CAR PARKING. (REVISION OF PLANNING APPLICATION REFERENCE 07/2659/OL/W7).",https://www.planit.org.uk/planapplic/Walsall/08/0951/OL/
Fareham,Full,Permitted,2008-06-13,2008-08-05,18 Brunel Way Titchfield PO15 5TX,PO15 5TX,,"Change Of Use From Warehouse To Specialist Data Centre With Ancillary Offices, 3 Storey Rear Extension, Associated External Plant, Landscaping And Parking",https://www.planit.org.uk/planapplic/Fareham/P/08/0720/FP/
Tower Hamlets,Outline,Permitted,2008-06-17,2008-08-22,"Telehouse, Coriander Avenue, London, E14 2AA",E14 2AA,See source,Request for Scoping Opinion as to the information required in an Environmental Impact Assessment to be submitted in support of an application for development of the site into one building comprising one nine storey data centre with a six storey back-up generator.,https://www.planit.org.uk/planapplic/TowerHamlets/PA/08/01189/
Bedford,Amendment,Rejected,2008-06-27,2008-09-22,Land At Twinwoods Business Park Twinwood Road Milton Ernest Bedford Bedfordshire MK44 6AE,MK44 6AE,See source,"Erection of Data Centre (Class B1) following demolition of existing pump house, offices and industrial building. Erection of electricity substation. Erection of gatehouse. Installation of 30no. chillers, 25no. generators, 2no. diesel tanks and pole mounted CCTV cameras, incorporating car parking, landscaping and all associated works.",https://www.planit.org.uk/planapplic/Bedford/08/01622/MAF/
North Tyneside,Outline,Permitted,2008-07-11,2008-08-27,Atmel Building Middle Engine Lane Wallsend Tyne And Wear NE28 9NZ,NE28 9NZ,See source,Formal screening opinion in respect of proposal for the development of a new data centre,https://www.planit.org.uk/planapplic/NorthTyneside/08/02104/SCREIA/
Aberdeen,Heritage,Permitted,2008-07-24,2008-09-30,Former Frederick Street School Frederick Street Aberdeen,,See source,Refurbishment of existing building to provide accommodation forAberdeen City Council Data Centre - to include replacement of existingtimber / metal windows with UPVC alternatives and provision of new plant / equipment,https://www.planit.org.uk/planapplic/Aberdeen/081613/
Kingston,Full,Permitted,2008-08-05,2009-02-09,Fountain Court Cox Lane Chessington KT9 1SJ,KT9 1SJ,See source,Demolition of car parking deck. Erection of mezzanine floor to warehouse and use of building as a Data Centre. Installation of louvres to side elevations and other elevational alterations. Erection of external plant area with 5m high acoustic screen in place of car parking deck,https://www.planit.org.uk/planapplic/Kingston/08/10204/FUL/
Tower Hamlets,Full,Permitted,2008-08-27,2009-02-18,"Site At East India Dock Site, East India Dock Road, London",,See source,"Erection of a new data centre (Sui Generis) comprising 20,080 sqm of floor space consisting of a nine storey technical building and a two storey generator building. Construction of a new first floor bridge link to existing administration building. Erection of a new part 2, part 3 storey EDF primary sub station consisting of 2,197 sqm floor space incorporating partial infilling of an existing concrete lined linear pond. Other works include a new single storey security booth; revised access arrangements; associated landscaping, car parking and other associated works. (REGULATION 19 RESPONSE)",https://www.planit.org.uk/planapplic/TowerHamlets/PA/08/01799/
Birmingham,Full,Conditions,2008-09-29,2009-02-20,20 Westwood Avenue Hall Green Birmingham B11 3RZ,B11 3RZ,See source,"Change of use from warehousing (B8) to data centre (sui generis). Erection of associated generators, plant, sub-station and external changes to building",https://www.planit.org.uk/planapplic/Birmingham/2008/05155/PA/
North Tyneside,Outline,Permitted,2008-11-03,2008-12-08,Land North East Of Atmel Way Wallsend Tyne And Wear,,See source,Formal screening opinion in respect of proposed for the development of a new data centre (revised scheme) including 3 wind turbines on roof of proposed data centre,https://www.planit.org.uk/planapplic/NorthTyneside/08/03187/SCREIA/
Thurrock,Full,Permitted,2008-11-04,2009-01-22,Thurrock Hospital Long Lane Stifford Clays Grays Essex RM16 2PX,RM16 2PX,See source,"Erection of a single storey Data Centre and Switch Room building, containerised stand-by generator, diesel storage tank, condenser, new electric substation and associated paving and screen fencing",https://www.planit.org.uk/planapplic/Thurrock/08/01056/FUL/
London Legacy,Outline,Permitted,2008-11-11,2008-11-13,"Site At East India Dock,East India Dock Road,London",,,"Erection of a new data centre (Sui Generis) comprising 20,080 sqm of floor space consisting of a nine storey technical building and a two storey generator building. Construction of a new first floor bridge link to existing administration building. Erection of a new part 2, part 3 storey EDF primary sub station consisting of 2,197 sqm floor space incorporating partial infilling of an existing concrete lined linear pond. Other works include a new single storey security booth; revised access arrangements; associated landscaping, car parking and other associated works. (REGULATION 19 RESPONSE)",https://www.planit.org.uk/planapplic/LondonLegacy/TOWCON/08/00054/
York,Full,Permitted,2008-11-24,2009-05-07,Land Lying To South Of Huntington Stadium And Waterworld Jockey Lane Huntington York,,See source,"Development of global banking data centre with ancillary power supply, substations and offices with associated access, parking, fencing, landscaping and ecology habitat (revised and additional information received)",https://www.planit.org.uk/planapplic/York/08/02623/FULM/
Mid Kent,Full,Conditions,2008-12-10,2009-02-18,"Building 700 Winch Road,Kent Science Park,Sittingbourne,Kent,ME9 8AG",ME9 8AG,See source,Erection of data centre building and associated plant compound.,https://www.planit.org.uk/planapplic/MidKent/SW/08/1313/
Bristol,Heritage,Conditions,2008-12-12,2009-02-13,Council House College Green Bristol BS1 5TW,BS1 5TW,See source,Internal alterations to allow for provision of a data centre for the Council's computer servers and installation of associated air conditioning plant with external cooling plant.,https://www.planit.org.uk/planapplic/Bristol/08/05022/LA/
Central Bedfordshire,Outline,Permitted,2009-01-12,2009-02-02,"Ecomold, Luton Road, Dunstable, LU5 4LN",LU5 4LN,,Request for Screening Opinion of the Local Planning Authority - Regulation 5 of the Environmental Impact Assessment Regulations- Development of the site for the erection of two linked data centre buildings for the purposes of housing data handling computers and technical support services.,https://www.planit.org.uk/planapplic/CentralBedfordshire/SB/09/00018/SCN/
Halton,Full,Permitted,2009-01-23,2009-03-20,Site Of Former De Witt Factory Tudor Road Runcorn Cheshire WA7 1SZ,WA7 1SZ,See source,"Proposed extension to east of existing factory to provide additional warehouse space, provision of 2.4m high dark green paladin fencing with 2 No. sets of gates to front elevation, installation of 4 No. additional windows to first floor (facing Tudor Road) and construction of single storey Europena Data Centre to rear at Site Of Former De Witt Factory Tudor Road Runcorn Cheshire WA7 1SZ",https://www.planit.org.uk/planapplic/Halton/09/00032/FUL/
Dacorum,Full,Withdrawn,2009-02-04,2009-03-26,Generator And Chiller Unit Enclosures At Breakspear Park Breakspear Way Hemel Hempstead HP2 4UL,HP2 4UL,See source,New generator and chiller unit enclosures serving new data centre,https://www.planit.org.uk/planapplic/Dacorum/4/00113/09/FUL/
North West Leicestershire,Outline,Conditions,2009-03-26,2010-03-23,Land To The Rear Of Former RBS Computer Centre Packington Hill Kegworth Derby DE74 2DF,DE74 2DF,See source,"Development of land at rear of former data centre for the erection of up to 104 dwellings, alteration to existing car parking arrangements and access and creation of attenuation pond (Outline - All matters reserved)",https://www.planit.org.uk/planapplic/NorthWestLeicestershire/09/00296/OUTM/
Hart,Full,Permitted,2009-03-30,2010-08-10,Land To The South Of Ively Road Farnborough Hampshire,,See source,"Erection of a business park consisting of 21,110 sqm floor area of B1(c), B2 and B8 High-Tech, Enterprise and Flexible Business units plus two Data Centres with associated parking, road layout and landscaping",https://www.planit.org.uk/planapplic/Hart/09/00746/MAJOR/
Dumfries,Outline,Permitted,2009-03-31,2010-03-19,"Peelhouses Farm, Lockerbie",,See source,"ERECTION OF AN INTERNET DATA CENTRE, USE CLASS 4 BUSINESS UNITS WITHIN A TECHNOLOGY PARK AND BUSINESS CENTRE, HORTICULTURAL RESEARCH AND COMMERCIAL CENTRE, VISITOR INFORMATION CENTRE AND ASSOCIATED INFRASTRUCTURE, LANDSCAPING AND OPEN SPACE",https://www.planit.org.uk/planapplic/Dumfries/09/P/4/0117/
Kirklees,Amendment,Permitted,2009-05-06,2009-07-07,"Former Southgate Day Nursery, Old Leeds Road, Huddersfield",,See source,Erection of data centre and installation of 2.4m high weldmesh type fencing,https://www.planit.org.uk/planapplic/Kirklees/2009/91330/
Swindon,Full,Permitted,2009-06-06,2009-08-13,Orion Frankland Road Blagrove Swindon SN5 8YG,SN5 8YG,See source,Change of use from B8 (Storage/ Distribution) to Sui Generis (Data Centre).,https://www.planit.org.uk/planapplic/Swindon/S/09/0903/
Swindon,Full,Permitted,2009-06-06,2009-08-06,Merlin 4 Building 11a Broadmoor Road South Marston Park South Marston Swindon Wilts SN3 4WB,SN3 4WB,See source,Change of use from B1/ B8 (Business/ Storage/ Distribution) to Sui Generis (Data Centre).,https://www.planit.org.uk/planapplic/Swindon/S/09/0901/
Warrington,Full,Permitted,2009-07-23,2009-09-07,"Data Centre One, Dawson House, Liverpool Road, Warrington, WA5 3LW",WA5 3LW,See source,"Proposed construction of 3 meter perimeter fencing with revised parking layout, exterior alterations to include installation of new door openings, blocking up of several window openings, replacement of existing cladding and demoliton of two storey link building between dawson house and data centre one.",https://www.planit.org.uk/planapplic/Warrington/2009/15005/
North Lanarkshire,Outline,Permitted,2009-07-31,2010-03-22,Drumshangie Former Opencast Site Ballochney Road By Plains North Lanarkshire,,See source,Construction of Data Centre (In-Principle),https://www.planit.org.uk/planapplic/NorthLanarkshire/09/00865/PPP/
Torfaen,Full,Conditions,2009-10-06,2009-11-10,Victoria Hse Gilchrist Thomas Ind Est Blaenavon Torfaen NP4 9RL,NP4 9RL,See source,"New entrance canopy, external electricity transformer, 4 external electricity supply units, 4 back up units, 12 external air conditioning units, 3m high security fence and some new bollards, additional detached parking areas for Data Centre use",https://www.planit.org.uk/planapplic/Torfaen/09/P/00440(E)/
Bristol,Full,Conditions,2009-10-12,2009-12-16,Romney House Romney Avenue Bristol BS7 9SU,BS7 9SU,See source,"Provision of 14 no. Eco-cooling, evaporative cooling units on the roof of Romney House. The units will provide energy efficient evaporative cooling to the data centre and various other rooms. The existing cooling systems will be kept as back up.",https://www.planit.org.uk/planapplic/Bristol/09/04020/FB/
Havering,Full,Conditions,2009-10-21,2009-12-08,3 King George Close Romford,,See source,"Amendment to application P1290.07 The amendment consist of new louvers to the north facade, amendments and new louvers to the south facade and roof openings. The development is for the refurbishment of an existing warehouse to provide data centre storage facilities",https://www.planit.org.uk/planapplic/Havering/P1462.09/
Jersey,Full,Permitted,2009-10-22,2010-03-15,"RM House, 1-3, L'Avenue Le Bas, St. Saviour, JE2 7QN",JE2 7QN,See source,Change of use to data centre. Construct 2 No. single storey extensions to North-West elevation. Demolish toilet block to South-West elevation. Various material alterations to elevations. Existing car park to be used to accommodate generators and condenser units. Demolish mezzanine floors.,https://www.planit.org.uk/planapplic/Jersey/P/2009/1956/
Bedford,Full,Permitted,2009-11-04,2010-01-04,245 Ampthill Road Bedford Bedfordshire MK42 9RS,MK42 9RS,See source,"Change of use of factory (B2) to data centre and ancillary offices. External alterations to building. Installation of 12 no. condensers, 6 no. generators, 2 no. fuel tanks, relocation of electricity sub station and creation of additional hardstanding area.",https://www.planit.org.uk/planapplic/Bedford/09/02429/FUL/
Mid Kent,Full,Permitted,2009-12-01,2010-02-19,"Pegasus Place, Lodge Road, Boxley, Maidstone, Kent, ME14 5EH",ME14 5EH,See source,"Proposed new plant room building with ancillary use to the existing data centre together with new energy compound and permanent erection of acoustic fencing around chiller compound as shown on drawing nos. 1226/01/P2 (Existing car park plan), 1226/02/P6 (Proposed new energy compound), 1226/02/P4 (Proposed new generators, switchroom and fuel tanks), 1226/03/P2 (Proposed GA elevations roof plan & section A-A), 1226/04 (Site location plan), 1226/05 (Proposed energy compound elevation), 1226/200 (Existing site plan), 1226/201/P4 (New building proposed site plan), 1226/202/P3 (Proposed ground and first floor plans), 1226/203/P2 (Proposed elevations) 1226/204/P2 (Proposed elevations), 1226/204 (Proposed true elevation from western boundary and roof plan), 1226/208 (Proposed roof plan), 7no. un-numbered CGI images, Design and Access statement and acoustic assessment received 01/09/2009, letter dated 2 November 2009 received 06/11/2009 and revised acoustic assessments received 09/11/2009 and 01/12/2009 and letter dated 02/02/2010 and drawing nos. 1226/503/C2 and MD/926-B-SK001 received 02/02/12010.",https://www.planit.org.uk/planapplic/MidKent/09/1569/
North East Derbyshire,Full,Permitted,2010-02-16,2010-06-14,Unit A Park Road Holmewood Chesterfield Derbyshire S42 5UY,S42 5UY,See source,"Change of use of distribution centre (Use Class B8) to data centre (Use Class B1) together with erection of external cooling plant, generators, fuel tanks and 2.4m palisade fence",https://www.planit.org.uk/planapplic/NorthEastDerbyshire/10/00130/FL/
Mole Valley,Full,Conditions,2010-02-17,2010-04-08,"Milton Court, Westcott Road, Dorking, Surrey, RH4 3LY document.write("" . View Map "");",RH4 3LY,See source,Erection of data centre building following demolition of existing maintenance buildings. Restoration and extension of existing garden wall along with new low brick wall.,https://www.planit.org.uk/planapplic/MoleValley/MO/2010/0198/
Guernsey,Full,Permitted,2010-02-17,2010-04-09,-Data Centre 6-9- Centenary House La Vrangue St. Peter Port Guernsey,,See source,Construct two reinforced concrete slabs and install two fuel tanks (one positioned to the west of data centre building and one positioned to the east).,https://www.planit.org.uk/planapplic/Guernsey/FULL/2010/0513/
Leeds,Full,Permitted,2010-03-01,2010-06-09,Unit 11 And 12 Kirkstall Industrial Park Kirkstall Road Burley Leeds LS4 2AZ,LS4 2AZ,See source,"Change of use and external alterations to existing commercial units, and two generator units, air conditioning units, transformer and electricity sub station to front to form data centre.",https://www.planit.org.uk/planapplic/Leeds/10/00703/FU/
West Suffolk,Full,Permitted,2010-04-15,2010-07-16,E D F Energy Plc Barton Road Bury St Edmunds Suffolk IP32 7BG,IP32 7BG,See source,Planning Application - Construction of data centre to include: (i) 1 no. standby generator (with fuel tank) (ii) 2 no. condenser units (iii) 1 no. meter cupboard and (iv) associated security fencing,https://www.planit.org.uk/planapplic/WestSuffolk/SE/10/0610/
Test Valley,Outline,Permitted,2010-04-27,2010-07-22,Andover Data Centre Shepherds Spring Lane Andover Hampshire SP10 1DL,SP10 1DL,See source,Outline - Erection of an extension to the existing data centre to provide additional storage capacity along with additional chillers and alterations to the car parking and landscaping.,https://www.planit.org.uk/planapplic/TestValley/10/00944/OUTN/
Bracknell,Full,Withdrawn,2010-05-06,2010-08-04,42 - 43 Western Road Bracknell Berkshire RG12 1RF,RG12 1RF,See source,"Erection of a two-storey data centre building (B8 use - total floorspace 7,690 sq m) with associated access and parking, drainage and landscaping works, following demolition of existing buildings.",https://www.planit.org.uk/planapplic/Bracknell/10/00302/FUL/
North Lanarkshire,,Permitted,2010-05-12,2011-05-20,Site Adjacent To Unit 2 York Road Chapelhall Airdrie North Lanarkshire ML6 8HW,ML6 8HW,See source,Proposed 9500 sq m Class 6 Industrial Development for Use as a Data Centre,https://www.planit.org.uk/planapplic/NorthLanarkshire/10/00361/PREAPE/
Newark and Sherwood,Full,Permitted,2010-05-12,2010-07-22,Plot 6 Brunel Business Park Jessop Close Newark On Trent Nottinghamshire NG24 2AG,NG24 2AG,See source,"Proposed new data centre and office development, with associated car parking, road, paths, landscaping and pedestrian link to the clients existing premises",https://www.planit.org.uk/planapplic/Newark/10/00641/FULM/
Tower Hamlets,Full,Rejected,2010-05-25,2010-07-20,"2 Thomas More Square, London E1",,See source,Installation of two new air conditioning split units to roof next to existing generator for new data centre on third floor.,https://www.planit.org.uk/planapplic/TowerHamlets/PA/10/00505/
Rushmoor,Amendment,Permitted,2010-05-25,2010-08-18,A50 Building Cody Technology Park Ively Road Farnborough Hampshire,,See source,"Change of use of existing B1 Office Building (Unit A50 Cody Park) to Data Centre, along with associated works including re-arrangement of external surfaces and parking.",https://www.planit.org.uk/planapplic/Rushmoor/10/00339/COU/
Hart,Amendment,Permitted,2010-05-27,2010-08-24,Cody Technology Park Ively Road Farnborough Hampshire GU14 0LL,GU14 0LL,See source,"Change of use of Building A50 from Office (B1(a)) use to a data centre. Works to include new plant and services, replacement of cladding and windows with new coated louvres. Re-arrangement of external surfaces and parking including the re-instatement of a small section of private highway",https://www.planit.org.uk/planapplic/Hart/10/01229/COU/
Mid Kent,Full,Conditions,2010-06-16,2010-08-11,"810 Cornforth Drive,Kent Science Park,Tunstall,Sittingbourne,Kent,ME9 8PX",ME9 8PX,See source,Change of use light industrial (B1) to data centre (B8) plus erection of plant compound and new emergency exit to south elevation.,https://www.planit.org.uk/planapplic/MidKent/SW/10/0541/
Manchester,Full,Permitted,2010-06-30,2010-08-25,North Manchester General Hospital Delaunays Road Crumpsall Manchester M8 5RB,M8 5RB,,"Erection of single storey data centre together with generator building, sub-station and associated external works.",https://www.planit.org.uk/planapplic/Manchester/093562/FO/2010/N1/
Isle of Man,Amendment,Permitted,2010-07-01,2010-08-13,Heywood House Ridgeway Street Douglas Isle Of Man IM1 1EW,IM1 1EW,,Change of use of basement and ground floor from retail to office and a data center,https://www.planit.org.uk/planapplic/IsleOfMan/10/00982/C/
Reading,Amendment,Permitted,2010-07-20,2010-09-17,Street Record Worton Drive Reading,,See source,"Change of use from office to data centre including erection of ancillary plant, generators and fuel tank",https://www.planit.org.uk/planapplic/Reading/101075/
Cambridge,Full,Permitted,2010-07-23,2010-09-17,25 Willis Road Cambridge Cambridgeshire CB1 2AQ,CB1 2AQ,See source,Erection of brick build enclosure for HV transformer power supply in Anglia Ruskin Universitys Sinclair data centre car park.,https://www.planit.org.uk/planapplic/Cambridge/10/0629/FUL/
Lewisham,Full,Permitted,2010-09-06,2011-04-08,"RIVERDALE DATA CENTRE, MOLESWORTH STREET, LONDON, SE13 7EY",SE13 7EY,See source,"The installation of a Combined Heat and Power System (CHP) sited to the north of Riverdale Data Centre, Molesworth Street SE13.",https://www.planit.org.uk/planapplic/Lewisham/DC/10/075320/X/
Tower Hamlets,Full,Rejected,2010-09-10,2010-11-18,"Land within former Truman's Brewery site, Spital Street / Buxton Street.",,See source,Demolition of existing store building and workshop and erection of a 3 storey building to accommodate a Data Centre.,https://www.planit.org.uk/planapplic/TowerHamlets/PA/10/01940/R/
Derry and Strabane,Full,Permitted,2010-10-15,2011-05-05,"Lands to the west of Elagh Business Park, Buncrana Road, Derry",,See source,"Erection of 2 storey Data Centre building with ancillary offices and roof level plant area and screen fence, new access road, car parking, landscaping, 2 open air plant compounds and associated site and access works",https://www.planit.org.uk/planapplic/DerryStrabane/A/2010/0645/F/
Inverclyde,,,2010-11-02,,Port Glasgow High Marloch Avenue Port Glasgow PA14 6PP,PA14 6PP,See source,"Major Development comprising a shared campus consisting of the following main elements;- Port Glasgow High School, St Stephens High School, additional support needs (ASN) school, enterprise centre and data centre and floodlit sports pitches.",https://www.planit.org.uk/planapplic/Inverclyde/10/0003/PREAPP/
Woking,Amendment,Conditions,2010-11-18,2011-03-03,Broadoaks Parvis Road West Byfleet Surrey KT14 7AA,KT14 7AA,See source,Proposed change of use of block C from class B1 offices to flexible office and data centre use.,https://www.planit.org.uk/planapplic/Woking/PLAN/2010/1127/
Darlington,Full,Permitted,2010-11-25,2020-11-17,Whessoe Grange Farm Burtree Lane DARLINGTON,,See source,"S106 Agreememt never signed - case finally disposed of 28.01.2021Hybrid application for erection of data centre with associated access, landscaping and ancillary buildings (Detailed); and construction of access road from Rotary Way (Outline) (Additional information received 8 December 2010; 14 December 2010; additional plans received 13 January 2011; additional highway related information received 14 January 2011; additional Ground Investigation Reports, Ecology Reports, Archaeological Reports and Environmental Reports received 18 January 2011)",https://www.planit.org.uk/planapplic/Darlington/10/00798/FUL/
Hart,Amendment,Permitted,2010-11-29,2010-12-21,Business Park Ively Road Farnborough Hampshire,,See source,"Erection of a business park consisting of 21,110 sqm floor area of B1(c), B2 and B8 High-Tech, Enterprise and Flexible Business units plus two Data Centres with associated parking, road layout and landscaping",https://www.planit.org.uk/planapplic/Hart/09/00746/NMMA/
Stirling,Heritage,Permitted,2010-12-13,2011-08-04,Council Store 8 Corn Exchange Road Stirling,,See source,Alter internal layout to accommodate new data centre,https://www.planit.org.uk/planapplic/Stirling/10/00759/LBC/
Isle of Man,Full,Permitted,2010-12-24,2011-04-26,White Hoe Industrial Estate Old Castletown Road Douglas Isle Of Man,,,Erection of a six hall Data Centre and support facilities,https://www.planit.org.uk/planapplic/IsleOfMan/10/01901/B/
Leeds,Full,Permitted,2011-01-04,2011-06-06,1 Gotts Road New Wortley Leeds LS12 1AD,LS12 1AD,See source,"Alterations including new roof and parapet details, two detached generator housings, new boundary treatments, new air condenser and extraction units to Internet data centre",https://www.planit.org.uk/planapplic/Leeds/10/05497/FU/
Belfast,Full,Permitted,2011-01-18,2011-03-16,Royal Victoria Hospital Grosvenor Road BT13 6BA,BT13 6BA,See source,Single storey building to provide an energy efficient data centre.,https://www.planit.org.uk/planapplic/Belfast/Z/2011/0090/F/
Tower Hamlets,Full,Permitted,2011-01-19,2011-03-16,"11 Hanbury Street, London, E1 6QR",E1 6QR,See source,Erection of 2 satellite dishes at roof level of existing data centre building.,https://www.planit.org.uk/planapplic/TowerHamlets/PA/11/00021/
Tower Hamlets,Full,Permitted,2011-01-19,2011-08-23,"6 - 7 Harbour Exchange Square (and land to the south east), London, E14 9HE",E14 9HE,See source,"Change of use of whole building from (B1 Office space) to a collocation data centre involving: - new plant and screen enclosure on roof of building 6, - elevated, screened infill gantries to house plant located between buildings 6+7 and 8+9. Location of new external plant at ground level including: - temporary location of stand-by generators to roadway along South boundary, - new electrical switch room on East boundary beneath the elevated Docklands Light Railway track, - new plant enclosure building on vacant land to the South East of building 6+7. New internal floor area on 1st and 2nd floors with extended ground floor reception.",https://www.planit.org.uk/planapplic/TowerHamlets/PA/10/02860/A1/
Rushmoor,Amendment,Permitted,2011-02-01,2011-04-21,A9 Building Cody Technology Park Ively Road Farnborough Hampshire,,See source,Change of use from Class B1 to Data Centre with associated external plant and boundary fencing,https://www.planit.org.uk/planapplic/Rushmoor/11/00075/COU/
Trafford,Full,Conditions,2011-02-10,2011-06-06,"Former Phototronics Building, Trafford Wharf Road, Trafford Park",,See source,Extension and alterations to existing building associated with future occupants (Datacentre) requirements and erection of screened plant within service yard and to south of main building. Modifications to existing car park and service yard with associated soft landscaping.,https://www.planit.org.uk/planapplic/Trafford/76530/FULL/2011/
Halton,Full,Permitted,2011-02-14,2011-05-26,The Babbage Centre The Heath Heath Road South Runcorn Cheshire WA7 4QF,WA7 4QF,See source,"Application for a new planning permission to replace extant planning permission 08/00220/FUL, proposed two storey Data Centre extension at The Babbage Centre The Heath Heath Road South Runcorn Cheshire WA7 4QF",https://www.planit.org.uk/planapplic/Halton/11/00067/FUL/
Milton Keynes,Outline,Permitted,2011-02-17,2011-05-18,Former Maxwell House Site Third Avenue Bletchley,,See source,"Outline planning permission for the re-development of the site to provide up to 25,020 sqm data centre (use class B8) floorspace, of which up to 3,820 sqm to be provided as offices (Use Class B1), with associated landscaping, car parking and access from Third Avenue (All Matters Are Reserved)",https://www.planit.org.uk/planapplic/MiltonKeynes/11/00334/OUT/
Bradford,Full,Permitted,2011-03-04,2011-04-28,Western House Western Way Bradford West Yorkshire BD6 2LZ,BD6 2LZ,See source,"Construction of 639sq.m. data centre building, landscaping and relocation of 19 car parking spaces",https://www.planit.org.uk/planapplic/Bradford/11/00673/FUL/
Ealing,Full,Conditions,2011-04-21,2011-08-10,Units 1 & 2 Perivale Industrial Park Horsenden Lane South Perivale Middlesex UB6 7RL Greenford,UB6 7RL,See source,"Construction of building to be used as data centre (Use Class Sui-Generis) with ancillary car parking, substation and switch building, refuse storage, landscaping works and plant area (following demolition of existing buildings)",https://www.planit.org.uk/planapplic/Ealing/P/2011/2000/
Chiltern South Bucks,Full,Conditions,2011-05-04,2011-07-28,Site Of Former 90 Asheridge Road Chesham Buckinghamshire,,See source,"Redevelopment of site to provide two linked buildings comprising technical services data centre, offices, internal plant and I.T facilities, together with parking, fencing and detached security huts, served by access from Asheridge Road",https://www.planit.org.uk/planapplic/ChilternSouthBucks/CH/2011/0540/FA/
Tower Hamlets,Full,Permitted,2011-05-12,2011-10-13,"Block D, Trumans Brewery, 91 Brick Lane, London",,See source,Change of use of upper floors 1 - 3 from Use Class B1 office use to Use Class B8 storage/data centre use; provision of infill floorspace at 3rd floor and extension to provide 2 new additional floors on Block D for use as data centre hall with associated generators and chiller plant; erection of new goods lift core and fire escape to full height of extended building to rear; demolition of existing fire escape and ancillary structures,https://www.planit.org.uk/planapplic/TowerHamlets/PA/11/01168/
Kirklees,Outline,Permitted,2011-06-06,2011-08-30,"Land at Lindley Moor, Junction of Lindley Moor Road/Crosland Road, Huddersfield",,See source,Outline application for erection of Data Centre Campus with formation of new access from Lindley Moor Road including demolition of Peat Ponds Farm and Haigh Cross Farm,https://www.planit.org.uk/planapplic/Kirklees/2011/91518/
Blaby,Full,Permitted,2011-06-07,2011-09-28,Santander Estates Ltd Carlton Park King Edward Avenue Narborough Leicester LE19 3EQ,LE19 3EQ,See source,"Erection of two new data centres (Use Class B1), electricity sub-station, car parking, landscaping, security fencing, lighting, associated works and deposit of spoil",https://www.planit.org.uk/planapplic/Blaby/11/0407/1/PX/
Tower Hamlets,Full,Permitted,2011-06-09,2011-08-03,"1 Greenwich View Place, London",,See source,"Upgrading of existing data centre building including alterations to existing louvres, installation of additional louvres, addition of doors, cladding of existing exit door, demolition of existing substation and re-construction to current EDF standards; new 2.5m high palisade boundary fence to rear.",https://www.planit.org.uk/planapplic/TowerHamlets/PA/11/01481/NC/
Solihull,Full,Withdrawn,2011-07-06,2011-07-26,Land Rover Lode Lane Solihull B92 8NW,B92 8NW,See source,New data centre.,https://www.planit.org.uk/planapplic/Solihull/PL/2011/01708/FULM/
Edinburgh,Full,Permitted,2011-07-11,2011-08-16,16 Flassches Yard Edinburgh EH12 9LB,EH12 9LB,See source,"External alterations to form new doors and services openings, and internal alterations to existing data centre building. Installation of new external plant within extended existing plant compound.",https://www.planit.org.uk/planapplic/Edinburgh/11/02279/FUL/
Kirklees,Full,Permitted,2011-08-03,2011-10-28,"Icm Computer Group Plc Servo House, Oakwell Way, Birstall, Batley, WF17 9LU",WF17 9LU,See source,Erection of 4 new data centre buildings,https://www.planit.org.uk/planapplic/Kirklees/2011/92112/
East Northamptonshire,Full,Permitted,2011-09-28,2012-03-12,Priors Hall Proposed Data Centre Gretton Road Deene Northamptonshire,,See source,"Erection of a Data Centre including associated ancillary buildings, access, landscaping and other infrastructure",https://www.planit.org.uk/planapplic/EastNorthamptonshire/11/01535/FUL/
Eastleigh,Full,Withdrawn,2011-09-30,2012-01-11,"STONEHAM RECTORY, STONEHAM LANE, EASTLEIGH, SO50 9NW",SO50 9NW,See source,Construction of new freestanding data centre within existing car park and reconfiguration of car parking spaces.,https://www.planit.org.uk/planapplic/Eastleigh/F/11/69755/
Hillingdon,Full,Permitted,2011-10-19,2012-02-15,"UNIT F, PROLOGIS DISTRIBUTION PARK STOCKLEY ROAD WEST DRAYTON",,,"Alterations to existing elevations, boundary treatment and landscaping, installation of external plant and associated screening, alterations to access and car parking arrangements, including installation of gate house and gates in connection with use as a Class B8 electronic data centre.",https://www.planit.org.uk/planapplic/Hillingdon/68137/APP/2011/2564/
Corby,Outline,Permitted,2011-11-17,2011-11-25,Priors Hall Development Site Stamford Road Weldon Northamptonshire,,See source,"Erection of a Data Centre including associated ancillary buildings, access, landscaping and other infrastructure",https://www.planit.org.uk/planapplic/Corby/11/00437/SC/
Hounslow,Full,Permitted,2011-12-02,2012-03-29,WESTERN INTERNATIONAL MARKET HAYES ROAD SOUTHALL LONDON UB2 5XU,UB2 5XU,See source,"Erection of a 15,893 sq.m, three storey data centre warehouse with associated parking, single storey gatehouse, new access road, and access onto Hayes Road",https://www.planit.org.uk/planapplic/Hounslow/P/2011/3272/
Walsall,Amendment,Conditions,2011-12-13,2012-02-03,"LAND NORTH OF WALSALL TOWN CENTRE, BOUNDED BY LITTLETON STREET WEST, HATHERTON STREET, HATHERTON ROAD.WALSALL MAGISTRATES COURT,STAFFORD STREET,WS2 8HA",WS2 8HA,,"TIME EXTENSION TO 08/0951/OL: (WALSALL GIGAPORT - OUTLINE APPLICATION (ACCESS ONLY CONSIDERED). ERECTION OF 127,000 SQM OF B1(A) OFFICES, A 4,206 SQM DATA CENTRE, 4,300 SQM HOTEL WITH CONFERENCE FACILITIES, 23,195 SQM OF LIVE/WORK SPACE, A 5,890 SQM HEALTH AND SPORTS FACILITY AND 621 SQM OF A1/A3 (RETAIL/NON-RETAIL) FLOORSPACE TOGETHER WITH ASSOCIATED HIGHWAYS WORKS, PUBLIC TRANSPORT FACILITIES, NEW PUBLIC SQUARE, LANDSCAPING AND CAR PARKING. (REVISION OF PLANNING APPLICATION REFERENCE 07/2659/OL/W7).",https://www.planit.org.uk/planapplic/Walsall/11/1541/TE/
Angus,Full,Conditions,2012-02-14,2012-04-03,Data Centre Sylvie Way Orchardbank Business Park Forfar DD8 1AY,DD8 1AY,See source,Extension to Existing Workshop to Provide a New Data Centre,https://www.planit.org.uk/planapplic/Angus/12/00137/FULL/
Causeway and Glens,Full,Permitted,2012-02-20,2012-05-15,Land within The University of Ulster Coleraine Campus adjacent to Block X Coleraine.,,See source,Erection of single storey data centre and associated plant compound.,https://www.planit.org.uk/planapplic/CausewayGlens/C/2012/0071/F/
Rushmoor,Outline,Permitted,2012-03-19,2012-04-17,Cody Technology Park Ively Road Farnborough Hampshire GU14 0LL,GU14 0LL,See source,"ADJACENT AUTHORITY CONSULTATION: Change of Use from B1(B) to Data Centre with ancillary offices, installation of external air conditioning plant",https://www.planit.org.uk/planapplic/Rushmoor/12/00207/ADJ/
Mid Sussex,Full,Permitted,2012-03-21,2014-03-18,"Wakehams Green Farm/Crawley Down Garage, Snow Hill Copthorne Road Copthorne Crawley West Sussex RH10 3PD",RH10 3PD,See source,"The relocation of an existing lawful long term off-airport car parking use and associated reception facility, along with alterations to an existing access and landscaping works, concerning land at Wakehams Green. The retention of an area of land lying beneath a 132Kv electricity line at Snow Hill, Crawley Down for overspill long term off-airport car parking purposes, where the number of parked cars is to be limited to a maximum of 1500. A change of use of the ground floor of the reception building at Snow Hill, Crawley Down, for storage purposes in connection with the existing data centre situated on the first floor of the same building, along with associated staff car parking.",https://www.planit.org.uk/planapplic/MidSussex/12/01020/FUL/
Taunton Deane,Full,Conditions,2012-03-30,2012-05-08,"MUSGROVE PARK HOSPITAL, TAUNTON",,See source,"ERECTION OF SINGLE STOREY BUILDING TO HOUSE THE DATA CENTRE AT MUSGROVE PARK HOSPITAL, TAUNTON",https://www.planit.org.uk/planapplic/TauntonDeane/38/12/0124/
Tandridge,,Rejected,2012-03-30,2012-04-30,"Crawley Down Garage,snow Hill, Crawley Down, Crawley, West Sussex, RH10 3EQ",RH10 3EQ,,"The relocation of an existing lawful long term off-airport car parking use and associated reception facility, along with alterations to an existing access and landscaping works, concerning land at wakehams green. the retention of an area of land lying beneath a 132kv electricity line at snow hill, crawley down for overspill long-term off-airport car parking purposes, where the number of parked cars is to be limited to a maximum of 1500. a change of use of the ground floor of the reception building at snow hill, crawley down for storage purposesin connection with the existing data centre situated on the first floor of the same building, along with associated staff car parking. (consultation by mid-sussex district council)",https://www.planit.org.uk/planapplic/Tandridge/2012/475/
Tower Hamlets,Outline,Permitted,2012-04-18,2012-05-10,"2-4 Greenwich View Place, London, E14 9NN",E14 9NN,See source,Request for Screening Opinion as to whether an Environmental Impact Assessment is required in respect of a planning application for demolition of existing buildings and erection of a three storey data centre.,https://www.planit.org.uk/planapplic/TowerHamlets/PA/12/00856/NC/
Milton Keynes,Full,Permitted,2012-04-28,2012-07-05,Mercedes-benz Uk Ltd Delaware Drive Tongwell Milton Keynes MK15 8BA,MK15 8BA,See source,"Erection of a prefabricated data centre building, air condensing units, back up generator and associated works.",https://www.planit.org.uk/planapplic/MiltonKeynes/12/00920/FUL/
Dacorum,Full,Permitted,2012-05-17,2012-07-18,Land Between Hemel One And Pentagon Park (BLDG B) Boundary Way Hemel Hempstead HP2 7YU,HP2 7YU,See source,"Construction of one data centre unit (class b8) with car parking, landscaping and associated works",https://www.planit.org.uk/planapplic/Dacorum/4/00976/12/MFA/
Trafford,Amendment,Conditions,2012-05-18,2012-06-15,"Former Photronics Building, Trafford Wharf Road, Trafford Park",,See source,"Application for a non-material amendment to previously approved application 77375/VAR/2011(extension and alterations to existing building associated with future occupants (Data Centre) requirements), to facilitate: new doors (matching existing) to plant screen, south of main building; modified external lighting design; modified car park entrance, with 'speed' gate set back from Trafford Wharf Road frontage.",https://www.planit.org.uk/planapplic/Trafford/78665/NMA/2012/
Tower Hamlets,Full,Permitted,2012-08-07,2013-10-24,"Block C, Trumans Brewery, 91 Brick Lane, London E1",,See source,"Demolition of existing 2 storey element to the north part of the development site and existing second floor bridge links across Former Wilkes Street, extension to existing basement, change of use of upper floors of existing building from B2 (general industry) to a mixed development of B8 (data centre) and B1 (offices) including new 7 storey extension to existing building, external facade alterations and the addition of two new upper floors to Block C and the erection of a new second floor bridge link to Block B across Former Wilkes Street to provide office space and walkway",https://www.planit.org.uk/planapplic/TowerHamlets/PA/12/02294/
Gateshead,Full,Permitted,2012-08-20,2012-11-21,Heworth Hall Shields Road Felling Gateshead NE10 0UX,NE10 0UX,See source,Proposed erection of single storey data centre (amended 24/09/12 & 23/10/12).,https://www.planit.org.uk/planapplic/Gateshead/DC/12/00924/FUL/
Wycombe,Full,Permitted,2012-08-22,2012-11-05,The Gatehouse Fryers Works Abercromby Avenue High Wycombe Buckinghamshire HP12 3BW,HP12 3BW,See source,Change of use from B1( Data Centre) to D1 use (non-residential institution),https://www.planit.org.uk/planapplic/Wycombe/12/06900/FUL/
Liverpool,Amendment,Withdrawn,2012-10-02,2012-11-23,Novartis Renaissance Way Liverpool L24 9PL,L24 9PL,See source,Application for lawful development certificate for existing IT data centre and additional fire exit door,https://www.planit.org.uk/planapplic/Liverpool/PL/INV/2965/12/
Surrey Heath,Outline,Withdrawn,2012-10-12,2013-07-23,Former Dera Site Chobham Lane Longcross Chertsey KT16 0EE,KT16 0EE,,"Outline planning application for the demolition of existing buildings and the mixed use redevelopment of the site to provide: up to 79,000 sqm (GEA) of Class B1 employment uses; parking for B1 uses; up to 36,000 sqm (GEA) of sui generis Data Centre use (including ancillary facilities); parking for Data Centres; up to 200 dwellings, including garages, roadways (including driveways and pavements), fencing and walling; up to 6,300 sqm (GEA) of ancillary uses, including Class A1-A5 uses (i.e. retail uses, cafe/restaurants and a public house up to 1,550 sqm GEA), Class D1 uses (i.e. childcare facilities up to 600 sqm GEA); Class D2 uses (i.e. health and leisure (up to 1,900 sqm GEA)) and a primary education facility (up to 2,250 sqm GEA); the creation of ecological habitats, general amenities areas (including informal and formal open spaces), equipped play areas, publicly accessible semi-natural greenspace and landscaped areas; new vehicular accesses from the existing public highway network; vehicle and cycle parking; bin stores; landscape compound; car parking (for railway station); electricity sub-stations; lighting; drainage and associated infrastructure works, including sustainable drainage systems (SUDS); noise attenuation features; and associated engineering and service operations.",https://www.planit.org.uk/planapplic/SurreyHeath/12/0688/
Knowsley,Amendment,Permitted,2012-10-16,2012-12-12,Novartis Vaccines & Diagnostics Ltd Site 6 21 Renaissance Way Halewood Knowsley L24 9PX,L24 9PX,See source,CONSTRUCTION OF AN IT DATA CENTRE WITHIN EXISTING BUILDING TOGETHER WITH INSTALLATION OF AN ADDITIONAL EXTERNAL FIRE DOOR,https://www.planit.org.uk/planapplic/Knowsley/12/00632/CLU/
Trafford,Outline,Permitted,2012-10-16,2012-12-12,"Davyhulme Waste Water Treatment Works, Rivers Lane, Davyhulme, M41 7JB",M41 7JB,See source,Application for a Lawful Development Certificate for proposed use of the combined heat and power engine as a data centre facility.,https://www.planit.org.uk/planapplic/Trafford/79375/CLOPD/2012/
Windsor,,Permitted,2012-11-05,2012-11-30,Former DERA Site Chobham Lane Longcross Chertsey,,See source,"Outline planning application for the demolition of existing buildings and the mixed used redevelopment of the site to provide; up to 79,000 sqm, (GEA) of Class B1 employment uses; parking for B1 uses; up to 36,000 sqm (GEA) of sui generis Data Centres use (including ancillary facilities); parking for Data Centre; up to 200 dwellings, including garages, roadways (including driveways and pavements), fencing and walling; up to 6,300 sqm (GEA) of ancillary uses, including Class A1 - A5 uses (i.e. retail uses, cafe/restaurants and a public house up to 1,550 sqm GEA), Class D1 uses (i.e. childcare facilities up to 600 sqm GEA); Class D2 uses (i.e. Health and Leisure up to 1900 sqm GEA) and a primary education facility (up to 2250 sqm GEA); the creation of ecological habitats, general amenity areas (including informal and formal open spaces), equipped play areas, publicly accessible semi-natural greenspace and landscaped areas; new vehicular accesses from the existing public highway network; vehicle and cycle parking; bin stores; landscape compound; car parking (for railway station); electricity sub-stations; lighting; drainage and associated infrastructure works, including sustainable drainage systems (SUDS); noise attenuation features; and associated engineering and service operations, with access to be determined at the Outline stage",https://www.planit.org.uk/planapplic/Windsor/12/30032/SMI/
Stockport,Full,Permitted,2012-11-12,2012-12-20,Kings Reach Business Park Yew Street Stockport SK4 2HD,SK4 2HD,See source,"Erection of a single storey data centre and mezzanine plant room (Use Class B1,B2 and B8) along with other associated works.",https://www.planit.org.uk/planapplic/Stockport/DC/051224/
Harlow,Outline,Permitted,2012-11-15,2012-12-07,Junctions Of Elizabeth Way & Fourth Avenue Harlow CM19 5BD,CM19 5BD,See source,"Proposed Change of Use of Part of the Site, Demolition of Part and Erection of New Buildings in Whole to Provide a Total of Approx. 28,750 SQ M of Accommodation for Use as a Data Centre with Ancillary Offices, Plant Rooms and Power Supply Sub Stations",https://www.planit.org.uk/planapplic/Harlow/HW/EQ/12/20200/
Leeds,Full,Permitted,2012-11-16,2013-01-07,Unit 4 - 5 Tristram Centre Brown Lane West Holbeck Leeds LS12 6BF,LS12 6BF,See source,"Formation of an external security enclosure to house power plant compound to support the data centre, erection of 3.0m security fencing and relocation of the existing car park turning head",https://www.planit.org.uk/planapplic/Leeds/12/03603/FU/
Slough,Full,Conditions,2012-12-03,2013-03-08,"Slough TE, 100, Wellington Street, Slough, SL1 1TR",SL1 1TR,See source,"CHANGE OF USE OF BUILDING FROM POSTAL SORTING OFFICE (SUI GENERIS) TO DATA CENTRE (CLASS B8), INSTALLATION OF PLANT AND MACHINERY AND INSTALLATION OF LOUVRES ON ALL ELEVATIONS DEMOLITION OF SINGLE STOREY STRUCTURES AND ERECTION OF NEW BOUNDARY WALL TO THE REAR OF THE SITE.",https://www.planit.org.uk/planapplic/Slough/P/06629/020/
Thurrock,Full,Permitted,2012-12-04,2013-04-03,Unit 1 Central Avenue West Thurrock Essex RM20 3WZ,RM20 3WZ,See source,"Change of use from B8 warehouse to B1 Data Centre, including changes to elevations, new roof design, new mezzanine, addition of external plant and new crossovers.",https://www.planit.org.uk/planapplic/Thurrock/12/01089/FUL/
Wokingham,Full,Withdrawn,2012-12-10,2014-12-01,Belgravia House Mulberry Business Park Fishponds Road Wokingham Berks RG412QL,RG41 2QL,See source,"Proposed extension of existing condensor enclosure to house four new air conditioning condensers that supports a newly developed internal data centre, and proposed installation of 1 new pressure relief damper vent along the south west elevation, in lue of an existing ground floor glazing units and film to two elevations (part retrospective).",https://www.planit.org.uk/planapplic/Wokingham/122319/
Birmingham,Full,Conditions,2012-12-17,2013-03-07,Unit 1 35 Rocky Lane Aston Birmingham B6 5RQ,B6 5RQ,See source,"Change of use of existing light industrial unit (use class B1) to Data Centre (Sui Generis), associated external alterations and installation of associated plant and equipment",https://www.planit.org.uk/planapplic/Birmingham/2012/08367/PA/
Dumfries,,Permitted,2012-12-18,2013-01-21,"Land At Peelhouses Farm, Lockerbie",,See source,"PROPOSAL OF APPLICATION NOTICE TO DEVELOP WITHOUT COMPLIANCE WITH CONDITION NO. 1 OF PLANNING PERMISSION 09/P/4/0117 (ERECTION OF AN INTERNET DATA CENTRE, USE CLASS 4 BUSINESS UNITS WITHIN A TECHNOLOGY PARK AND BUSINESS CENTRE, HORTICULTURAL RESEARCH AND COMMERCIAL CENTRE, VISITOR INFORMATION CENTRE AND ASSOCIATED INFRASTRUCTURE, LANDSCAPING AND OPEN SPACE) BY EXTENDING WITHIN WHICH DEVELOPMENT SHALL BE COMMENCED BY A FURTHER THREE YEARS",https://www.planit.org.uk/planapplic/Dumfries/12/N/4/0006/
Central Bedfordshire,Outline,Permitted,2012-12-21,2014-06-02,"Houghton Regis North Site 1, Land on the northern edge of Houghton Regis",,,"Outline planning permission with the details of access, appearance, landscaping, layout and scale reserved for later determination. Development to comprise: up to 5,150 dwellings (Use Class C3); up to 202,500 sqm gross of additional development in Use Classes: A1, A2, A3 (retail), A4 (public house), A5 (take away); B1, B2, B8 (offices, industrial and storage and distribution); C1 (hotel), C2 (care home), D1 and D2 (community and leisure); car showroom; data centre; petrol filling station; car parking; primary substation; energy centre; and for the laying out of the buildings; routes and open spaces within the development; and all associated works and operations including but not limited to: demolition; earthworks; engineering operations. All development, works and operations to be in accordance with the Development Parameters Schedule and Plans.",https://www.planit.org.uk/planapplic/CentralBedfordshire/CB/12/03613/OUT/
Cambridge,Outline,Permitted,2013-01-11,2013-03-21,West Cambridge Site Madingley Road Cambridge Cambridgeshire,,See source,Proposed new building for University Data Centre.,https://www.planit.org.uk/planapplic/Cambridge/13/0034/REM/
North Tyneside,Outline,Permitted,2013-01-23,2013-02-28,Norgas House Northumbrian Way Stephenson Industrial Estate Killingworth NEWCASTLE UPON TYNE NE12 6EH,NE12 6EH,See source,"Demolition of existing three Storey office building and single storey data centre, grid building and other ancillary buildings",https://www.planit.org.uk/planapplic/NorthTyneside/13/00118/DEMGDO/
Huntingdonshire,Full,Permitted,2013-01-25,2013-04-25,21 Blackstone Road Huntingdon PE29 6EF,PE29 6EF,See source,New data centre,https://www.planit.org.uk/planapplic/Huntingdonshire/1300089FUL/
Portsmouth,Full,Conditions,2013-03-04,2013-04-17,Car Park Rear Of 1-8 Burnaby Road Portsmouth PO1 3AS,PO1 3AS,See source,Construction of a single-storey building and plant compound to form a data centre,https://www.planit.org.uk/planapplic/Portsmouth/13/00200/FUL/
Rushmoor,Outline,Permitted,2013-03-13,2013-06-14,Cody Park Campus Land To The South Of Ively Road Farnborough Hampshire,,See source,"OUTLINE: Hybrid planning application comprising 1) Application for full planning permission for the development of two data centres and a gatehouse with associated highway works, vehicle access, infrastructure, plant, car and cycle parking and landscaping 2) Application for full planning permission to make minor external alterations to Building A50 and associated works to the access, car parking and landscaping and 3) Application for outline planning permission (with all matters reserved) for business, industrial, storage and distribution and data centre use",https://www.planit.org.uk/planapplic/Rushmoor/13/00187/OUT/
Tower Hamlets,Full,Permitted,2013-03-28,2013-12-13,"Archway House, 1 Muirfield Crescent and 47 Millharbour, London, E14 9SZ",E14 9SZ,See source,Change of use from business (Use Class B1) to data centre (Use Class B8) extensions to and refurbishment of Archway House to include two additional floors of data centre use with associated plant.,https://www.planit.org.uk/planapplic/TowerHamlets/PA/13/00803/
Hounslow,Outline,Rejected,2013-03-28,2015-04-22,LAND AT RECTORY FARM CRANFORD LANE HOUNSLOW LONDON TW5 9PJ,TW5 9PJ,See source,"The extraction of minerals and all necessary enabling works, hard and soft landscaping to create a new park; subterranean development to provide up to 177,500 (GIA) sqm of warehousing and storage (Class B8) and data centre (Sui Generis) floorspace and associated servicing and parking areas; alterations to existing vehicular access and creation of new vehicular accesses onto the public highway, including the creation of new pedestrian routes; and the refurbishment of the existing Rectory Farm buildings to provide the associated park management accommodation, parking and facilities (Outline application including means of access and scale, as well as details of the appearance, landscaping and layout for part of the site).",https://www.planit.org.uk/planapplic/Hounslow/P/2013/1045/
North Tyneside,Full,Permitted,2013-04-05,2013-06-11,Greggs Building Balliol Business Park Benton Lane Longbenton NEWCASTLE UPON TYNE NE12 8EW,NE12 8EW,See source,Erection of a single storey building to provide an IT Datacenter,https://www.planit.org.uk/planapplic/NorthTyneside/13/00559/FUL/
Islington,Full,Conditions,2013-04-08,2014-08-26,250 City Road London EC1V 2PU,EC1V 2PU,See source,"Hybrid planning application for demolition of existing buildings and comprehensive redevelopment comprising full planning permission for all elements (other than Block 9 submitted in outline with appearance reserved) for four blocks ranging from 7 to 9 storeys plus two towers of 42 storeys (up to 155m) and 36 storeys (up to 137m), providing up to 995 residential units; commercial floorspace (Class B1) up to 7,600sqm; affordable workspace (Class B1); relocated data centre; flexible retail/financial and professional services/restaurant/café/drinking establishment/health centre floorspace (Class A1/A2/A3/A4/D1) up to 3,650sqm; crèche (Class D1); and hotel (Class C1) of up to 190 beds; together with public open spaces, up to 1,223 cycle spaces, 225 car parking spaces and ancillary floorspace within a basement and other associated works. This proposal constitutes a departure from the development plan. This application may affect the character and appearance of a conservation area and the setting of a listed building. Town and Country Planning (Listed Building and Conservation Areas) Act 1990 (as amended); Section 67 and 73. AMENDMENTS RECEIVED 12/07/2013 INCLUDING DAYLIGHT AND SUNLIGHT INFORMATION RELATING TO AQUARELLE HOUSE.",https://www.planit.org.uk/planapplic/Islington/P2013/1089/FUL/
Ealing,Outline,Withdrawn,2013-04-29,2019-08-21,Land At Rectory Farm Cranford Lane Hounslow TW5 1600,,,"The extraction of minerals and all necessary enabling works, hard and soft landscaping to create a new park; subterranean development to provide up to 177,500 (GIA) sqm of warehousing and storage (Class B8) and data centre (Sui Generis) floorspace and associated servicing and parking areas; alterations to existing vehicular access and creation of new vehicular accesses onto the public highway, including the creation of new pedestrian routes; and the refurbishment of the existing Rectory Farm buildings to provide the associated park management accommodation, parking and facilities (Outline application including means of access and scale, as well as details of the appearance, landscaping and llayout for part of the site) (Out of Borough Application)",https://www.planit.org.uk/planapplic/Ealing/P/2013/1600/
Hillingdon,Full,Permitted,2013-05-02,2018-04-23,LONDON BOROUGH OF HOUNSLOW OUTBOROUGH MIDDLESEX,,,"The extraction of minerals and all neccesary enabling works, hard and soft landscaping to create a new park; subterranean develoment to provide up to 177,500 (GIA) sqm of warehousing and storage (Class B8) and data centre (Sui Generis) floorspace and associated servicing and parking areas; alterations to existing vehicular access and creation of new vehicular accesses onto the public highway, including the creation of new pedestrian routes; and the refurbishment of the existing Rectory Farm buildings to provide the associated park management accommodation, parking and facilities (Outline application including means of access and scale, as well as details of the appearance, landscaping and layout for part of the site). (Consultation by London Borough of Hounslow)",https://www.planit.org.uk/planapplic/Hillingdon/39705/APP/2013/1140/
Hackney,,Rejected,2013-05-07,2013-12-04,"Mcdonalds, 241 City Road, Hackney, London, EC1V 1JQ",EC1V 1JQ,See source,"Observation to Hybrid planning application for demolition of existing buildings and comprehensive redevelopment comprising full planning permission for all elements (other than Block 9 submitted in outline with appearance reserved) for four blocks ranging from 7 to 9 storeys plus two towers of 42 storeys (up to 155m) and 36 storeys (up to 137m), providing up to 995 residential units; commercial floorspace (Class B1) up to 5,000sqm; affordable workspace (Class B1); relocated data centre; flexible retail/financial and professional services/restaurant/ café/drinking establishment/health centre floorspace (Class A1/A2/A3/A4/D1) up to 3,650sqm; crèche (Class D1); and hotel (Class C1) of up to 190 beds; together with public open spaces, up to 1,223 cycle spaces, 250 car parking spaces and ancillary floorspace within a basement and other associated works. This proposal constitutes a departure from the development plan. This application may affect the character and appearance of a conservation area and the setting of a listed building. Town and Country Planning (Listed Building and Conservation Areas) Act 1990 (as amended); Section 67 and 73.",https://www.planit.org.uk/planapplic/Hackney/2013/1703/
Winchester,Full,Permitted,2013-05-15,2013-08-12,Arqiva Ltd Crawley Court Crawley Winchester SO21 2QA,SO21 2QA,See source,Construction of a data centre with plant and equipment; replacement cycle storage and associated works,https://www.planit.org.uk/planapplic/Winchester/13/01074/FUL/
Runnymede,Outline,Withdrawn,2013-07-22,,Former DERA Site Chobham Lane Longcross Chertsey Surrey,,,"Outline planning application for the demolition of existing buildings and the mixed used redevelopment of the site to provide; up to 79,000sqm, (GEA) of Class B1 employment uses; parking for B1 uses; up to 36,000sqm (GEA) of sui generis Data Centres use (including ancillary facilities); parking for Data Centre; up to 200 dwellings, including garages, roadways (including driveways and pavements), fencing and walling; up to 6,300sqm (GEA) of ancillary uses, including Class A1 - A5 uses (i.e. retail uses, cafe/restaurants and a public house up to 1,550sqm GEA), Class D1 uses (i.e. childcare facilities up to 600sqm GEA); Class D2 uses (i.e. Health and Leisure up to 1900sqm GEA) and a primary education facility (up to 2250sqm GEA); the creation of ecological habitats, general amenity areas ( including informal and formal open spaces), equipped play areas, publicly accessible semi-natural greenspace and landscaped areas; new vehicular accesses from the existing public highway network; vehicle and cycle parking; bin stores; landscape compound; car parking (for railway station); electricity sub-stations; lighting; drainage and associated infrastructure works, including sustainable drainage systems (SUDS); noise attenuation features; and associated engineering and service operations, with access to be determined at the Outline stage.",https://www.planit.org.uk/planapplic/Runnymede/RU.12/1120/
Watford,Full,Conditions,2013-07-22,2013-10-02,9 - 17 Caxton Way Watford Hertfordshire WD18 8XH,WD18 8XH,See source,Erection of a single storey office extension to facilities management office of existing data centre,https://www.planit.org.uk/planapplic/Watford/13/00782/FUL/
Causeway and Glens,Full,Permitted,2013-08-01,2013-10-07,Land within the University of Ulster (Coleraine Campus) adjacent to Portstewart Road Coleraine (75m South East of 3 Dundooan Road Coleraine) BT52 1SF,BT52 1SF,See source,"Proposed Data Centre and Associated Works inc. External Plant, Office Accommodation, Car and Cycle Parking, New Estate Road, Security Fencing and CCTV, Grasscrete Service Yard.",https://www.planit.org.uk/planapplic/CausewayGlens/C/2013/0303/F/
Bury,Full,Conditions,2013-08-09,2013-09-30,"Prestwich Hospital, Bury New Road, Prestwich, Manchester, M25 3BL",M25 3BL,See source,Single storey side elevation extension to Ivy House to create a new Trust Data Centre,https://www.planit.org.uk/planapplic/Bury/56599/
Epping Forest,Full,Conditions,2013-08-13,2013-10-31,Former Bank of England Sports Ground Langston Road Loughton Essex,,See source,"Erection of Data Centre Building, associated parking, landscaping and substation.",https://www.planit.org.uk/planapplic/EppingForest/EPF/1716/13/
Birmingham,Outline,Conditions,2013-09-16,2013-11-15,Palmer Street/Little Edward Street Birmingham,,See source,Outline application for the erection of a 2 storey building for use as a data centre (B8) and associated parking & boundary treatment (access only),https://www.planit.org.uk/planapplic/Birmingham/2013/06999/PA/
Southwark,Heritage,Permitted,2013-09-23,2013-12-17,"SOUTHWARK TOWN HALL, PECKHAM ROAD, LONDON, SE5 8UB",SE5 8UB,See source,Demolition of theatre and data centre in association with planning application 13/AP/2979 to redevelop the site.,https://www.planit.org.uk/planapplic/Southwark/13/AP/3168/
Leeds,Full,Permitted,2013-10-18,2013-12-13,Canon House Apex Way Hunslet Leeds LS11 5LN,LS11 5LN,See source,"Change of use of offices to data centre including communication mast to roof, palisade fencing to part of external boundary and green wall cladding to all elevations of building",https://www.planit.org.uk/planapplic/Leeds/13/04880/FU/
West Northamptonshire,Full,Permitted,2013-10-30,2013-12-18,"Northampton General Hospital, Billing Road, Northampton, Northamptonshire, NN1 5BD",NN1 5BD,See source,Erection of modular data centre and associated external works (as amended by revised plan received on 29 November 2013),https://www.planit.org.uk/planapplic/WestNorthamptonshire/N/2013/1130/
Thurrock,Full,Permitted,2013-11-06,2014-02-10,Legal And General Property Partners (Life Fund) Ltd 41A Jodrell Way West Thurrock Essex RM20 3HH,RM20 3HH,See source,"Construction of a B1 Data Centre with associated ancillary offices, car parking, operational yard, gatehouse, external plant and services, perimeter fencing, landscaping and revised highway access.",https://www.planit.org.uk/planapplic/Thurrock/13/01081/FUL/
Hackney,Full,Permitted,2013-11-14,,"International Broadcast Centre, Queen Elizabeth Olympic Park Eastway, Hackney, London, E20 3BS",E20 3BS,,"Modification and changes of use to the International Broadcast Centre (IBC) (including retention of the Gantry on Waterden Road) to provide flexible business/studio floorspace (Class B1), data centre (Class B8), education space (Class D1); creation of new floorspace in the Gantry for flexible uses (Classes B1/A1, A3, A4, A5); creation of mezzanines (Classes B1 and B8); retention of the Main Media Conference Room (MMCR) to provide a conference space (Class D2); retention of bridge structures; external alterations to the buildings; use of up to 307 spaces in the Multi Storey Car Park (MSCP) to serve the IBC and MMCR; cycle parking; landscape and public realm; use of central open space, including events; pedestrian and vehicular access; servicing; minor highway works within the application boundary; installation of plant and equipment; and associated works. Application for Full permission",https://www.planit.org.uk/planapplic/Hackney/13/00534/FUM/
London Legacy,Full,Permitted,2013-11-20,2014-03-20,"Site Comprising The International Broadcast Centre (IBC), Main Media Conference Room (MMCR), Multi Storey Car Park (MSCP) And Adjoining Land Within The North Western Part Of PDZ 5: South Of Eastway And West Of Waterden Road In LB Hackney",,See source,"Modification and changes of use to the International Broadcast Centre (IBC) (including retention of the Gantry on Waterden Road) to provide flexible business/studio floorspace (Class B1), data centre (Class B8), education space (Class D1); creation of new floorspace in the Gantry for flexible uses (Classes B1/A1, A3, A4, A5); creation of mezzanines (Classes B1 and B8); retention of the Main Media Conference Room (MMCR) to provide a conference space (Class D2); retention of bridge structures; external alterations to the buildings; use of up to 307 spaces in the Multi Storey Car Park (MSCP) to serve the IBC and MMCR; cycle parking; landscape and public realm; use of central open space, including events; pedestrian and vehicular access; servicing; minor highway works within the application boundary; installation of plant and equipment; and associated works. Application for Full permission",https://www.planit.org.uk/planapplic/LondonLegacy/13/00534/FUM/
Birmingham,Full,Conditions,2013-12-16,2014-01-23,Palmer Street/Great Barr Street (former MacDermid warehouse) Digbeth Birmingham B9 4EU,B9 4EU,See source,"Erection of single storey extension and external alterations to building and its use as a Data Centre (B8) with associated landscaping, boundary treatment and temporary surfaced parking",https://www.planit.org.uk/planapplic/Birmingham/2013/09236/PA/
London Legacy,Outline,Referred,2013-12-28,2014-01-07,"Wood Wharf,Prestons Road,London,Tower Hamlets",,,"Outline application (all matters reserved) for mixed-use redevelopment of the site known as 'Wood Wharf' comprising: Demolition of existing buildings and structures; The erection of buildings comprising: o Residential units ( Use Class C3); o Hotel (C1); o Business floorspace (B1); o Retail (A1-A5); o Community and Leisure (D1 and D2); o Sui Generis uses including Conference Centres, Theatres, Launderettes and Data Centres; and, o Ancillary floorspace to the above uses.",https://www.planit.org.uk/planapplic/LondonLegacy/LBTCON/13/00012/
Tower Hamlets,Full,Permitted,2014-01-30,2014-10-23,"Telehouse Far East, Sites 6 and 8, Oregano Drive, E14",,See source,"Erection on Site 6 of a new 10 storey data centre building of 66m in height comprising approximately 24,370m2 of floor space including provision of roof top plant and satellite dish; reconfiguration of loading bay area to North building; new first floor bridge link to existing North building; erection on Site 8 of a new 12 storey office development 65m in height comprising approximately 13,283m2 of floor space; provision of car and cycle parking; re-routing of existing cycle path on Sorrel Lane; associated landscaping; provision of security fencing, gates and other associated works.",https://www.planit.org.uk/planapplic/TowerHamlets/PA/14/00074/
Kings Lynn,Full,Permitted,2014-08-22,2014-10-09,The Queen Elizabeth Hospital King's Lynn NHS Foundation Trust Gayton Road King's Lynn Norfolk PE30 4ET,PE30 4ET,See source,New modular data centre in the unused space next to the day surgery,https://www.planit.org.uk/planapplic/KingsLynn/14/01248/F/
Ipswich,Full,Rejected,2014-10-06,2014-12-01,St Clements Hospital Foxhall Road Ipswich Suffolk IP3 8LS,IP3 8LS,See source,Erection of single storey sub-station and data centre.,https://www.planit.org.uk/planapplic/Ipswich/14/00839/FUL/
Reigate,Full,Conditions,2014-10-16,2014-12-01,CGG Services (UK) Ltd EAME Operations Centre 1 St Annes Boulevard Redhill Surrey RH1 1PP,RH1 1PP,See source,Erection of single storey computer server room extension and associated roof mounted eco-cooling plant enclosure to west side of existing Data Centre building and replacement of existing plant compound screening.,https://www.planit.org.uk/planapplic/Reigate/14/02129/F/
Havering,Full,Rejected,2014-11-11,2015-02-03,Creek way Rainham RM13,,See source,Construction of new Data Centre,https://www.planit.org.uk/planapplic/Havering/P1517.14/
Aberdeen,Full,Permitted,2014-11-17,2014-12-23,Aberdeen Journals Compound Whitemyres Avenue Aberdeen AB15 6TU,AB15 6TU,See source,"Change of Use from Storage Facility to Data Centre, External Alterations and Provision of Plant",https://www.planit.org.uk/planapplic/Aberdeen/141678/
Belfast,Full,Permitted,2015-01-12,2015-11-12,Maysfield Leisure Centre East Bridge Street Belfast BT1 3NR,BT1 3NR,See source,Proposal to convert existing building into new 3 storey office space with new 2 storey front block extension to include new data centre parking and bicycle parking at side and rear.,https://www.planit.org.uk/planapplic/Belfast/Z/2015/0090/F/
Norwich,Outline,Permitted,2015-02-13,2015-03-31,Utilities Site Cremorne Lane Norwich,,See source,"EIA scoping request for mixed use redevelopment of site to provide biomass powerstation, district heating system, education and research buildings, student accomodation, housing, data centre, offices, car parking and associated infrastructure including a new bridge over the Wensum and access via the Deal Ground.",https://www.planit.org.uk/planapplic/Norwich/15/00351/EIA2/
Fife,Full,Conditions,2015-02-16,2015-04-17,Site To The East Of Asda Queensway Industrial Estate Queensgate Glenrothes Fife,,See source,Erection of Data Centre Building and associated parking and infrastructure,https://www.planit.org.uk/planapplic/Fife/15/00520/FULL/
East Ayrshire,Full,Rejected,2015-03-09,2016-05-12,Land To The North West Of Blair Farm Glasgow Road Kilmarnock East Ayrshire,,See source,"Construction of a Data Centre comprising four buildings each with a floorspace of 2,600sqm along with an associated wind farm comprising six turbines of 59m to hub and no greater than 100m to tip. Ancillary infrastructure includes an external car park, substation and access tracks and an improved access junction with the A77.",https://www.planit.org.uk/planapplic/EastAyrshire/15/0173/PP/
Slough,Full,Conditions,2015-04-17,2015-07-06,"672, Galvin Road, Slough, SL1 4AN",SL1 4AN,See source,Proposed installation of solar photovoltaic panels with a generating capacity of 1.6 megawatt peak on existing roof slope of a data centre.,https://www.planit.org.uk/planapplic/Slough/P/00348/008/
Middlesbrough,Full,Conditions,2015-05-01,2015-06-26,Land At Hemlington Grange Middlesbrough,,See source,"Erection of single storey community safety hub data centre & associated vehicular accesses, parking area, landscaping, boundary treatments and associated works",https://www.planit.org.uk/planapplic/Middlesbrough/M/FP/0507/15/P/
Exeter,Full,Permitted,2015-05-29,2015-07-16,Laver Building North Park Road Exeter EX4 4QE,EX4 4QE,See source,The provision of a new modular GRP electrical substation building to support the existing Laver Building Data Centre,https://www.planit.org.uk/planapplic/Exeter/15/0607/FUL/
Sunderland,Full,Permitted,2015-05-29,2015-08-12,Unit C Camberwell Way Doxford International Business Park Sunderland SR3 3XN,SR3 3XN,See source,Extension to existing data centre facility to provide data storage building with associated external plant areas.,https://www.planit.org.uk/planapplic/Sunderland/15/01138/FUL/
Middlesbrough,Full,Conditions,2015-06-05,2015-07-15,Parkside West Park Road North Middlesbrough TS1 3NN,TS1 3NN,See source,Installation of emergency back up generator and Eco Cooling unit to data centre,https://www.planit.org.uk/planapplic/Middlesbrough/M/FP/0655/15/P/
Tower Hamlets,Amendment,Rejected,2015-06-12,2015-08-06,"10 South Colonnade, London, E14 4PU",E14 4PU,See source,Application for a Lawful Development Certificate for proposed use of ground floor ancillary data centre as office (B1a),https://www.planit.org.uk/planapplic/TowerHamlets/PA/15/01021/NC/
Wiltshire,Full,Conditions,2015-06-16,2015-07-21,Spring Park Westwells Road Hawthorn Wiltshire SN13 9GB,SN13 9GB,See source,"The Erection of Plant Enclosure To Serve Adjacent Data Centre, Together With Ancillary Works & Activities.",https://www.planit.org.uk/planapplic/Wiltshire/15/05733/FUL/
Guernsey,Full,Permitted,2015-07-09,2015-10-23,First Floor Unit 3 Les Caches Business Park St. Martin Guernsey GY4 6PH,GY4 6PH,See source,Change of use from part telecommunications data centre to Storage (Use Class 32) with ancillary workshop and office.,https://www.planit.org.uk/planapplic/Guernsey/FULL/2015/1778/
Birmingham,Outline,Conditions,2015-07-15,2015-12-23,Land at Heath Street South / Hooper Street / Dudley Road / Spring Hill Ladywood Birmingham B18 7HZ,B18 7HZ,See source,"Outline planning application for the demolition of existing industrial buildings and mixed use development comprising up to 504 no. residential apartments (Use Class C3), flexible retail units (Use Classes A1, A2, A3 and A4), a gym (Use Class D2), a data centre (Use Class B8), site access and highway improvements and associated car parking, roads, landscaping, associated development and other works including construction of a pedestrian / cycle bridge over the Birmingham Canal Old Line (all matters reserved with the exception of site access)",https://www.planit.org.uk/planapplic/Birmingham/2015/05724/PA/
Aberdeen,Full,Permitted,2015-07-23,2015-08-31,Gateway House Whitemyres Avenue Aberdeen AB16 6HQ,AB16 6HQ,See source,"Change of use from office to data centre, external alterations andprovision of plant(amendment to P141678).",https://www.planit.org.uk/planapplic/Aberdeen/151217/
Enfield,Full,Conditions,2015-07-29,2015-09-23,Chase Farm Hospital The Ridgeway EN2 8JL,EN2 8JL,See source,"Erection of a detached single storey modular data centre adjacent to the existing multi storey car park, with external wall mounted air conditioning units to north east elevation. 07770960998",https://www.planit.org.uk/planapplic/Enfield/15/03516/FUL/
Norwich,Full,Withdrawn,2015-08-03,2016-07-22,Utilities Site And Deal Ground Norwich,,See source,"Full planning permission for demolition works and the development, on the Utilities site, of a biomass fuelled energy centre (49.9 MWe installed capacity), associated fuel storage, offloading facilities and railway works, district heating network centre and associated utilities linkages to the Carrow Works; 435 units of student accommodation; commercial units; boat moorings, landscaping and public realm provision; controlled access to Hardy Road and new vehicular access via the Deal Ground with new vehicular bridges over the River Wensum and River Yare; together with associated infrastructure works and all enabling and preparatory works. Outline planning permission (with all matters reserved) for demolition works and provision of 120 residential dwellings; 282 units of student accommodation; research centre; data centre; education centre; offices and training buildings; a new pedestrian and cycle access to Cremorne Lane; boat moorings, landscaping and public realm provision; together with associated infrastructure works and all enabling and preparatory works.",https://www.planit.org.uk/planapplic/Norwich/15/00997/F/
Broads,Full,Withdrawn,2015-08-06,2016-07-22,Generation Park Hardy Road Norwich Norfolk,,See source,"Full planning permission for demolition works and the development, on the Utilities site, of a biomass fuelled energy centre (49.9 MWe installed capacity), associated fuel storage, offloading facilities and railway works, district heating network centre and associated utilities linkages to the Carrow Works; 435 units of student accommodation; commercial units; boat moorings, landscaping and public realm provision; controlled access to Hardy Road and new vehicular access via the Deal Ground with new vehicular bridges over the River Wensum and River Yare; together with associated infrastructure works and all enabling and preparatory works. Outline planning permission (with all matters reserved) for demolition works and provision of 120 residential dwellings; 282 units of student accommodation; research centre; data centre; education centre; offices and training buildings; a new pedestrian and cycle access to Cremorne Lane; boat moorings, landscaping and public realm provision; together with associated infrastructure works and all enabling and preparatory works.",https://www.planit.org.uk/planapplic/Broads/BA/2015/0225/FUL/
Mid Sussex,Full,Permitted,2015-08-18,2015-10-23,Queen Victoria Hospital Holtye Road East Grinstead West Sussex RH19 3DZ,RH19 3DZ,See source,"Installation of 2 no. buildings, one to the north of the hospital site and one to the south side of the site, to be used as modular data centres. Buildings to be enclosed by palasade security fence and gate, accessed by a ramp and single door.",https://www.planit.org.uk/planapplic/MidSussex/DM/15/3402/
Hounslow,Outline,Permitted,2015-10-02,2015-12-11,CAPITAL INTERCHANGE WAY BRENTFORD LONDON,,See source,"EIA Scoping Opinion for development including a bus depot, three residential towers, a publically accessible open space, commercial pods, a data centre and a car showroom",https://www.planit.org.uk/planapplic/Hounslow/SC/2015/4394/
Leicestershire,,Permitted,2015-10-16,,"Leicestershire County Council, CHIEF EXECUTIVE, COUNTY HALL, LEICESTER ROAD, CONTINUATION, GLENFIELD, LEICESTERSHIRE, LE3 8RA",LE3 8RA,See source,Construction of new Data Centre,https://www.planit.org.uk/planapplic/Leicestershire/2015/1304/01/
Blaby,Other,Referred,2015-10-27,2015-11-18,County Hall Leicester Road Glenfield Leicestershire LE3 8SA,LE3 8SA,See source,Construction of new data centre - County Council Identity Number 2015/REG3Mi/0278/LCC,https://www.planit.org.uk/planapplic/Blaby/15/1304/CC/
Bassetlaw,Outline,Permitted,2015-10-30,2018-06-06,Land North Of Thievesdale Lane And West Of Blyth Road Worksop Nottinghamshire S81 0TP,S81 0TP,See source,"Outline Application With Some Matters Reserved for Mixed Use Development Comprising of up to 182 Dwellings, Clean/Green Tech Business Park, Innovative Data Centre and Ancillary Storage Use, Access and Junction Improvements, Landscaping and Sustainable Urban Drainage Infrastructure",https://www.planit.org.uk/planapplic/Bassetlaw/15/01477/OUT/
Stratford on Avon,Full,Conditions,2015-10-30,2016-01-27,Jaguar Land Rover Gaydon Test Centre Banbury Road Gaydon Warwick CV35 0RG,CV35 0RG,See source,"Two storey extension to the existing DMO building, relocation of existing chiller compound and storage units, alterations to existing bund and a new data centre (with external generators) and associated works. (Primary Use Class B1.)",https://www.planit.org.uk/planapplic/StratfordOnAvon/15/03920/FUL/
Tonbridge,Outline,Permitted,2015-11-10,2015-12-30,DHL Supply Chain Warehouse 20/20 Industrial Estate Laverstoke Road Allington Maidstone Kent ME16 0LE,ME16 0LE,See source,Lawful development certificate proposed: Proposed use of class B8 warehouse as a data centre for the storage of electronic data,https://www.planit.org.uk/planapplic/Tonbridge/15/03619/LDP/
Mid Kent,Outline,Permitted,2015-11-17,2016-01-19,Dhl Supply Chain Warehouse 20/20 Industrial Estate Laverstoke Road Maidstone Allington Kent ME16 0LE,ME16 0LE,See source,Lawful Development Certificate (Proposed) for use of class B8 warehouse as a data centre for the storage of electronic data.,https://www.planit.org.uk/planapplic/MidKent/15/509229/LAWPRO/
Bexley,Outline,Conditions,2015-12-15,2016-07-11,Land Part Of Borax Works Norman Road Belvedere Kent,,See source,"Outline application for the construction of a data centre (Use Class B8), sub-stations, formation of new access, car parking and landscaping.",https://www.planit.org.uk/planapplic/Bexley/15/02926/OUTM/
Tonbridge,Outline,Permitted,2015-12-16,2016-03-10,20 20 Industrial Estate Laverstoke Road Allington Maidstone Kent,,See source,"Consultation by Maidstone Borough Council: Installation of external plant and associated screening following dismantling of temporary storage building and other temporary structures; alterations to internal yard car park to create a secure plant and delivery compound including the provision of air lock gates; erection of weld mesh fence on part east boundary all in connection with the use as a Class B8 data centre; construction of an underground 11kV electricity cable network connecting the data centre to the Kent Enviropower Waste Management Facility, ref: 15/510009/FULL/ANJO.",https://www.planit.org.uk/planapplic/Tonbridge/15/04009/CNA/
Isle of Man,Full,Permitted,2015-12-17,2016-01-19,"Continent 8 House Units 3B, 3C & 3D Middle River Industrial Estate Douglas Isle Of Man IM2 1AL",IM2 1AL,,"Installation of three air handling units, transformer and condensers in rear yard of Data Centre (part retrospective)",https://www.planit.org.uk/planapplic/IsleOfMan/15/01363/B/
Manchester,Full,Permitted,2016-03-21,2016-05-11,Wythenshawe Hospital Floats Road Baguley Manchester M23 9LT,M23 9LT,,Erection of a modular room at Wythenshawe Hospital to be occupied by a datacentre,https://www.planit.org.uk/planapplic/Manchester/111474/FO/2016/S2/
Trafford,Full,Conditions,2016-07-15,2016-11-15,Unit 7 Waterside Trafford Park M17 1WD,M17 1WD,See source,"Change of use as a Data Centre together with the siting of No. 4 x Generators in Compound, Condenser Units in the Compound and around the building Siting of No. 1 x Substation by ENW, No. 1 x Transformer, No. 8 x 1.2m Satellite Dishes and No. 1 x Digital Freeview Aerial, Siting of No. 1 x Perimeter Fence around the compound and the Building of No. 4 x Data Halls within the building with suspended ceilings and raised access floor and Building of No. 1 x Plant Room to house UPS, Cooling and Switchgear",https://www.planit.org.uk/planapplic/Trafford/88945/FUL/16/
Tower Hamlets,Full,Permitted,2016-07-28,2021-12-03,"Site at corner of Buxton Street and Spital Street, London",,See source,"Demolition of the existing store building, substation and workshop and boundary wall to Buxton Street and Spital Street up to the Cooperage Building and erection of a 3 storey high Data Centre with basement accommodation (Use Class B8) including provision of Use Class B1 enterprise / D1 training floorspace, provision of rooftop satellite dishes, roof mounted mechanical plant, security fencing and bollards, cycle parking and provision of two electric charging car parking spaces.",https://www.planit.org.uk/planapplic/TowerHamlets/PA/16/01832/A1/
Bradford,Outline,Permitted,2016-08-11,2017-04-27,Land At Dalton Lane And Airedale Road Keighley West Yorkshire,,See source,Construction of an off-grid data centre,https://www.planit.org.uk/planapplic/Bradford/16/06850/MAO/
East Riding,Outline,Permitted,2016-08-16,2016-09-13,Land North West Of Kingstown Hotel Hull Road Hedon East Riding Of Yorkshire,,See source,"Request for Scoping Opinion - Yorkshire Energy Park - Mixed Use Development including business park, education training and research campus, energy campus, data centre and relocated sports facilities (89.7 ha)",https://www.planit.org.uk/planapplic/EastRiding/16/02797/EIASCO/
Darlington,Amendment,Conditions,2016-08-23,2016-10-17,Orange PCS Ltd Communication Centre Senhouse Road DARLINGTON DL1 4PS,DL1 4PS,See source,Change of Use from Telecommunications Switch and Data Centre with offices to B1 (Business) and or B2 (General Industry) and or B8 (Storage and distribution),https://www.planit.org.uk/planapplic/Darlington/16/00917/CU/
Windsor,Outline,Permitted,2016-10-06,2017-12-22,Heatherwood Hospital London Road Ascot SL5 8AA,SL5 8AA,See source,"Hybrid planning application comprising: 1) Application for full planning permission for the development of a new Elective Care Hospital and associated Admin Hub with associated parking, vehicle access, highway works, plant and landscaping 2) Application for full planning permission for the change of use of existing building to provide GP Practice, Office, Data Centre and Staff Restaurant in association with the Elective Care Hospital 3) Application for outline planning permission (access and layout determined with all other matters reserved for future consideration) for demolition of existing hospital and redevelopment of up to 250 dwellings with associated vehicle access and highway works 4) Application for full planning permission for the change of use of existing woodland to Suitable Alternative Natural Greenspace (SANG) in association with the outline residential planning permission.",https://www.planit.org.uk/planapplic/Windsor/16/03115/OUT/
Rotherham,,Permitted,2016-10-24,2017-01-24,Magna Sheffield Road Templeborough 9999,,See source,"Use of part of the existing Magna Science Adventure Park for a Data Centre within use class B1 and installation of plant and machinery for the purposes of generating power to support he data centre, exportation to the national grid and the wider Magna site",https://www.planit.org.uk/planapplic/Rotherham/RB2016/1445/
Leeds,Full,Permitted,2016-11-16,2017-01-04,Manor Road Holbeck Leeds LS11 9AH,LS11 9AH,See source,Change of use of data centre to form office (B1),https://www.planit.org.uk/planapplic/Leeds/16/06995/FU/
Birmingham,Full,Conditions,2016-12-01,2017-05-03,Land adjacent to Park Grange House Edgbaston Park Road Edgbaston Birmingham B15 2RR,B15 2RR,See source,"Erection of a Research Data Centre and associated plant, with access from Edgbaston Park Road, together with landscaping and boundary treatments and repair works to Park Grange.",https://www.planit.org.uk/planapplic/Birmingham/2016/10021/PA/
Bracknell,,Permitted,2016-12-05,2017-02-02,Heatherwood Hospital London Road Ascot Berkshire SL5 8AA,SL5 8AA,See source,"Hybrid planning application comprising: 1) Application for full planning permission for the development of a new Elective Care Hospital and associated Admin Hub with associated parking, vehicle access, highway works, plant and landscaping. 2) Application for full planning permission for the change of use of existing building to provide GP Practice, Office, Data Centre and Staff Restaurant in association with the Elective Care Hospital. 3) Application for outline planning permission (access and layout determined with all other matters reserved for future consideration) for demolition of existing hospital and redevelopment of up to 250 dwellings with associated vehicle access and highway works. 4) Application for full planning permission for the change of use of existing woodland to Suitable Alternative Natural Greenspace (SANG) in association with the outline residential planning permission.",https://www.planit.org.uk/planapplic/Bracknell/16/01303/OBS/
Birmingham,Full,Withdrawn,2016-12-23,,Land on site of former Johnson House The Close Bristol Road Selly Oak Birmingham,,See source,"Erection of single storey building to house a Corporate & College Data Centre with associated plant, means of access, parking, landscaping and boundary treatments",https://www.planit.org.uk/planapplic/Birmingham/2016/10637/PA/
Newham,Telecoms,Permitted,2017-01-25,2017-02-13,Radio Mast On Roof Durning Hall Community Centre Earlham Grove Forest Gate London E7 9AB,E7 9AB,See source,"Notification under the Electronic Communications Code (Conditions and Restrictions) Regulations 2003 (As Amended) to utilise permitted development rights to upgrade the existing telecommunications radio base station on Durham Hall Data Centre, Earlham Grove, London E7 9AB. E540460 N185280 (Cell Ref: TEF 2254",https://www.planit.org.uk/planapplic/Newham/17/00288/TEL/
Glasgow,Full,Conditions,2017-03-31,2017-07-14,Site Adjacent To 14 University Gardens Glasgow,,See source,"Erection of two storey data centre with external plant, to include alterations to landscaping and associated works",https://www.planit.org.uk/planapplic/Glasgow/17/00805/DC/
Wrexham,,Permitted,2017-04-20,2017-06-14,"Wrexham Maelor Hospital, Croesnewydd Road, Wrexham, LL13 7TD",LL13 7TD,See source,Extension To Provide New Data Centre To Serve The Hospital,https://www.planit.org.uk/planapplic/Wrexham/P/2017/0315/
Hillingdon,Full,Permitted,2017-05-23,2017-12-13,FORMER NESTLE FACTORY NESTLES AVENUE HAYES,,,"Part demolition of existing factory buildings and associated structures, and redevelopment to provide 1,386 dwellings (Use Class C3). office, retail, community and leisure uses (Use Class A1/A3/A4/B1/B8/D1/D2), 22,663sq.m (GEA) of commercial floorspace (Use Classes B1c/B2/B8 and Data Centre (sui generis)), amenity and playspace, landscaping, allotments, access, service yards, associated car parking and other engineering works.",https://www.planit.org.uk/planapplic/Hillingdon/1331/APP/2017/1883/
Hounslow,Outline,Permitted,2017-05-30,2018-02-26,FORMER NESTLE FACTORY NESTLES AVENUE HAYES,,See source,"Part demolition of existing factory buildings and associated structures, and redevelopment to provide 1,381 dwellings (Use Class C3). office, retail, community and leisure uses (Use Class A1/A3/A4/B1/B8/D1/D2), 22,663sqm (GEA) of commercial floorspace (Use Classes B1c/B2/B8 and Data Centre (sui generis)), amenity and playspace, landscaping, allotments, access, service yards, associated car parking and other engineering works",https://www.planit.org.uk/planapplic/Hounslow/C/2017/2316/
Slough,,Permitted,2017-07-06,2018-02-09,"16, Liverpool Road, Slough, SL1 4QZ",SL1 4QZ,See source,Redevelopment of the site for a detached business Data Centre unit with bridge link to the existing facility at 14 Liverpool Road.,https://www.planit.org.uk/planapplic/Slough/T/129/
Hull,Full,Undecided,2017-08-22,,Land Adjacent To 220 Inglemire Lane Kingston Upon Hull HU6 7TS,HU6 7TS,,"Proposed Data Centre, Office Accommodation, External Plant, New Access, Car Parking, Boundary Treatments, New Footways to Inglemire Lane and associated works.",https://www.planit.org.uk/planapplic/Hull/17/01152/FULL/
Rotherham,Amendment,Permitted,2017-08-30,2017-12-04,Pulsant Ltd Unit 1 Pioneer Close Manvers 9999,,See source,Application of Lawful Development Certificate re: use as a data centre,https://www.planit.org.uk/planapplic/Rotherham/RB2017/1286/
Luton,Full,Permitted,2017-09-20,2018-05-01,16-24 Crawley Green Road Luton Bedfordshire LU2 0QX,LU2 0QX,See source,"Construction of new Data Centre together with standalone generators, transformers and 2000mm high palisade fence and associated external works after demolition of existing building",https://www.planit.org.uk/planapplic/Luton/17/01689/FUL/
South Cambridgeshire,Full,Permitted,2017-10-13,2017-12-07,Data Centre Wellcome Genome Campus Hinxton CB10 1RQ,CB10 1RQ,See source,Installation of a footpath adjacent to the existing Data Centre,https://www.planit.org.uk/planapplic/SouthCambs/S/3720/17/FL/
Ealing,Outline,Permitted,2017-10-26,2017-11-22,FORMER NESTLE FACTORY NESTLES AVENUE HAYES UB3 4RF,UB3 4RF,See source,"Proposal: RECONSULTATION: Part demolition of existing factory buildings and associated structures, and redevelopment to provide 1,381 dwellings (Use Class C3). office, retail, community and leisure uses (Use Class A1/A3/A4/B1/B8/D1/D2), 22,663sq.m (GEA) of commercial floorspace (Use Classes B1c/B2/B8 and Data Centre (sui generis)), amenity and playspace, landscaping, allotments, access, service yards, associated car parking and other engineering works (amendments: provision of a basement under Block B increasing parking ration to 0.6; amendments to design and elevations of residential blocks and commercial units; provision of strip of land for Nestle Avenue multi modal link road widening scheme; landscape design changes; updates to the Transport Assessment and Flood Risk Assessment)",https://www.planit.org.uk/planapplic/Ealing/178080CONS/
Tower Hamlets,Full,Permitted,2017-11-14,2018-02-23,"Units 3, 4, 5, 6, 7, 8, Poplar Business Park, Astoria Way, LONDON, E14 9FT",E14 9FT,See source,Change of use from light industrial (B1/B2) to data centre facility. Installation of two generator units,https://www.planit.org.uk/planapplic/TowerHamlets/PA/17/02816/A1/
Bracknell,Outline,Permitted,2017-11-20,2018-07-20,Land East Of Lovelace Road Bracknell Berkshire,,See source,"Outline application (with all matters reserved) for the redevelopment of the site for the construction of industrial units (Class B1(c), B2/B8 uses), and/or data centres all with ancillary offices and mezzanine (total floorspace 18,580 sq m), associated infrastructure, car and cycle parking, drainage infrastructure, boundary treatments, landscaping and other ancillary works.",https://www.planit.org.uk/planapplic/Bracknell/17/01227/OUT/
Newham,Telecoms,Permitted,2017-11-21,2017-12-01,Durning Hall New Business Centre Earlham Grove Forest Gate London E7 9AP,E7 9AP,See source,"NOTIFICATION UNDER THE ELECTRONIC COMMUNICATIONS CODE REGULATIONS 2003 (AS AMENDED) TO UTILISE PERMITTED DEVELOPMENT RIGHTS AT - DURNING HALL DATA CENTRE, EARLHAM GROVE, FOREST GATE, LONDON, E7 9AB",https://www.planit.org.uk/planapplic/Newham/17/03864/TEL/
Barking and Dagenham,Full,Permitted,2018-01-26,2018-09-12,"London East Business And Technical Park Yewtree Avenue, Dagenham, Barking And Dagenham,",,See source,"Erection of two data centre buildings (Use Class B8), with ancillary plant, offices, gatehouse, electrical sub-stations, fuel storage, car parking, site fencing, landscaping and other associated works.",https://www.planit.org.uk/planapplic/Barking/18/00161/FUL/
Milton Keynes,Full,Permitted,2018-01-30,2018-03-22,Denbigh West Industrial Estate Unit C 25 Third Avenue Bletchley Milton Keynes MK1 1DH,MK1 1DH,See source,Use of building as data centre together with installation of six air conditioning units,https://www.planit.org.uk/planapplic/MiltonKeynes/18/00229/FUL/
Milton Keynes,Full,Permitted,2018-02-08,2018-05-02,BT Telephone Exchange BT Bletchley Data Centre Tavistock Street Bletchley Milton Keynes MK2 2PL,MK2 2PL,See source,Installation of louvres within external elevations and screen fencing as part of internal cooling and ventilation upgrade of Bletchley Data Centre.,https://www.planit.org.uk/planapplic/MiltonKeynes/18/00308/FUL/
Peterborough,Full,Permitted,2018-02-09,2018-03-29,6 Brassey Close New England Peterborough PE1 2AZ,PE1 2AZ,See source,Application for change of use to B8 (storage and distribution) and development to provide a building for a data centre together with installation of six internal air conditioning units with ventilation grilles,https://www.planit.org.uk/planapplic/Peterborough/18/00210/FUL/
Peterborough,Full,Permitted,2018-02-09,2018-04-03,18 Maxwell Road Woodston Industrial Estate Peterborough PE2 7HD,PE2 7HD,See source,Application for change of use to B8 (storage and distribution) for the provision of a data centre with the installation of six air conditioning units and one generator contained within the outdoor compound,https://www.planit.org.uk/planapplic/Peterborough/18/00211/FUL/
Aberdeen,Full,Permitted,2018-02-21,2018-03-29,"Land at Northfield Industrial Estate, Quarry Road, Aberdeen AB16 5UU",AB16 5UU,See source,Erection of a data centre cabin and associated: generator/ enclosure; 6x air conditioning units; compound enclosure; and access,https://www.planit.org.uk/planapplic/Aberdeen/180242/DPP/
Derry and Strabane,Outline,Permitted,2018-03-06,2018-08-15,lands 150m North of no. 23 Maydown Road Derry BT47 6UJ,BT47 6UJ,See source,"Erection of one IT Services and Data Centre building, substation compound, generators, switch gear and transformers together with internal access road, car parking, security perimeter fence and associated site works (amended plans and P2 cert of ownership)",https://www.planit.org.uk/planapplic/DerryStrabane/LA11/2018/0197/O/
London Legacy,Full,Permitted,2018-03-09,2018-05-17,"Former International Broadcast Centre, Here East, Waterden Road, London, E20 3BS",E20 3BS,See source,"Change of use from Use Classes B8 (data centre) and flexible B1 (business) / A1, A3-5 (retail) to a mix of Use Classes B8 (storage), B1 (business), A1, A3-A5 (retail) and D1 (non-residential institution).",https://www.planit.org.uk/planapplic/LondonLegacy/18/00103/FUL/
Hackney,,Permitted,2018-03-15,2018-03-23,"91 Eastway, Hackney, London, E9 5JH",E9 5JH,See source,"Request for observations from LLDC on application for change of use of existing floorspace consented as B8 (data centre) and flexible B1/A1, A3-5 uses to flexible B8, D1, B1, A1, A3, A4, A5, where the combined area of the D1, A1, A3, A4, and A5 uses totals no more tham 2,500m2 (app ref: 18/00103/FUL).",https://www.planit.org.uk/planapplic/Hackney/2018/1055/
Aberdeen,Full,Permitted,2018-03-20,2018-04-17,Unit 9 Hareness Park Hareness Circle Aberdeen AB12 3QY,AB12 3QY,See source,"Change of use to class 6 Data centre, storage and distribution. (CityFibre)",https://www.planit.org.uk/planapplic/Aberdeen/180410/DPP/
Tameside,Heritage,Permitted,2018-03-29,2018-09-10,Ashton Old Baths Stamford Street West Ashton-Under-Lyne Tameside OL6 7FW,OL6 7FW,See source,"Internal works, repairs, restoration and alterations of the Ashton Old Baths - Phase 2 Annex including new contemporary office accommodation ( B1), Coffee shop ( A3) and a new internal Data centre (Sui generis) with supporting sub-station and generator compound externally with a fence enclosure.",https://www.planit.org.uk/planapplic/Tameside/18/00321/LBC/
East Riding,Outline,Permitted,2018-04-18,2018-07-11,Bridgehead South Development Site Hessle East Riding Of Yorkshire,,See source,Erection of a Data Centre with office space and data hall including ancillary car park and plant area following outline permission 13/02534/STVAR (All matters to be considered),https://www.planit.org.uk/planapplic/EastRiding/18/01282/STREM/
Causeway and Glens,,Permitted,2018-05-18,2018-06-01,Former Shackleton Barracks Ballykelly Co. Derry (immediately North of 20 Dukes Lane and 13-22 Hyacinth Avenue and immediately East of Walworth Park),,See source,Demolition of existing buildings and erection of Data Centre ( approx. 25000m2).,https://www.planit.org.uk/planapplic/CausewayGlens/LA01/2018/0617/PAN/
Slough,Full,Conditions,2018-05-21,2018-11-07,"225, Bath Road, Slough, SL1 4AA",SL1 4AA,See source,"Redevelopment of the site comprising the construction of a Data Centre (Use Class: Sui generis), including ancillary offices, emergency generators and flues, vehicle and cycle parking, drainage infrastructure, boundary treatments, landscaping and other ancillary works.",https://www.planit.org.uk/planapplic/Slough/P/00730/087/
Coventry,Full,Conditions,2018-05-25,2018-08-10,"Unit G1, Little Heath Industrial Estate Old Church Road, Coventry, CV6 7ND",CV6 7ND,,Change of use to B8 (storage and distribution) for the provision of a data centre together with the installation of six air conditioning units,https://www.planit.org.uk/planapplic/Coventry/FUL/2018/1485/
Coventry,Full,Conditions,2018-05-25,2018-08-10,"City Fibre, 6 Hotchkiss Way, Coventry, CV3 2RL",CV3 2RL,,Provision of a data centre together with amendments to the existing premises including installation of air outlet vents and the installation of six air conditioning units on the western side of the premises,https://www.planit.org.uk/planapplic/Coventry/FUL/2018/1484/
Stevenage,Outline,Withdrawn,2018-05-30,2019-04-16,MBDA UK Six Hills Way Stevenage Herts SG1 2DA,SG1 2DA,See source,Outline permission for a new data centre and associated infrastructure with all matters reserved.,https://www.planit.org.uk/planapplic/Stevenage/18/00303/OPM/
Coventry,Full,Conditions,2018-05-31,2018-08-01,"Earlsdon Rugby Football Club, Rf Brown Pavilion Mitchell Avenue, Coventry, CV4 8DY",CV4 8DY,,Provision of a data centre together with the installation of 6 air conditioning units and 1 generator contained within an outdoor compound.,https://www.planit.org.uk/planapplic/Coventry/FUL/2018/1512/
Edinburgh,Full,Permitted,2018-06-05,2018-08-02,Land Adjacent To 31-33 King's Haugh Edinburgh,,See source,"Erection of a data centre cabin, generator/enclosure, meter/enclosure, 6no. air conditioning units and compound enclosure with associated access.",https://www.planit.org.uk/planapplic/Edinburgh/18/02562/FUL/
Edinburgh,Full,Permitted,2018-06-06,2018-08-02,Unit 2 15 South Gyle Crescent Edinburgh EH12 9EB,EH12 9EB,See source,External alterations to building in connection with its use as a data centre including the installation of 6 (six) air-conditioning condensers.,https://www.planit.org.uk/planapplic/Edinburgh/18/02587/FUL/
Edinburgh,Full,Permitted,2018-06-08,2018-08-08,2A Clermiston Road North Edinburgh EH4 7BL,EH4 7BL,See source,"Erection of a data centre cabin (Class 6), generator/enclosure, meter/enclosure, 6 (six) air conditioning units and compound enclosure with associated access on land at Barnton Depot.",https://www.planit.org.uk/planapplic/Edinburgh/18/02661/FUL/
Edinburgh,Full,Permitted,2018-06-08,2018-08-08,114A Salamander Street Edinburgh,,See source,"Erection of data centre cabin (Class 6), generator/enclosure, meter/enclosure, 6no. air conditioning units and compound enclosure with associated access.",https://www.planit.org.uk/planapplic/Edinburgh/18/02668/FUL/
Stirling,Full,Conditions,2018-06-14,2018-08-28,Land To East Of 6 Borrowmeadow Road Stirling,,See source,"Erection of data centre cabin (Class 6), generator/enclosure, meter/enclosure, 6no. air conditioning units and compound enclosure with associated access",https://www.planit.org.uk/planapplic/Stirling/18/00415/FUL/
Mid Kent,Full,Permitted,2018-06-25,2018-11-12,Plot 3 Eurolink Business Park Castle Road Sittingbourne Kent ME10 3JP,ME10 3JP,See source,"Erection of a new data centre over three storeys plus basement, together with attendant car parking & delivery facilities and site security.",https://www.planit.org.uk/planapplic/MidKent/18/502973/FULL/
West Northamptonshire,Full,Permitted,2018-07-13,2018-09-21,Mercedes-benz Grand Prix Ltd Reynard Park Brackley NN13 7BD,NN13 7BD,See source,"Proposed new data centre with associated plant, an increased waste compound at the rear of unit 1 A & B and demolition and relocation of the compressor house which serves unit 4",https://www.planit.org.uk/planapplic/WestNorthamptonshire/S/2018/1676/FUL/
Kirklees,Full,Conditions,2018-07-25,2018-11-19,"IVS Car Repair Garage, 468B Manchester Road, Huddersfield, HD4 5BW",HD4 5BW,See source,"Erection of data centre, installation of air conditioning units, generator and fencing",https://www.planit.org.uk/planapplic/Kirklees/2018/92424/
Barrow,,Permitted,2018-08-13,2018-09-11,"Primary Data Centre, Buccleuch Dock Road Barrow-in-Furness Cumbria",,,"A new purpose built onsite Primary Data Centre building. The building will be a single story prefabricated, modular (floor space approx 615m2)",https://www.planit.org.uk/planapplic/Barrow/B14/2018/0568/
Edinburgh,Full,Withdrawn,2018-08-16,2018-12-17,20 New Mart Road Edinburgh EH14 1RL,EH14 1RL,See source,"Proposed erection of a data centre cabin (Class 6), generator/enclosure, meter/enclosure, 6 x air conditioning units and compound enclosure with associated access on land adjacent to The Risk Factory, New Mart Road, Edinburgh.",https://www.planit.org.uk/planapplic/Edinburgh/18/04512/FUL/
Leeds,Full,Permitted,2018-08-16,2018-10-11,11 Lockwood Way Beeston Leeds LS11 5TQ,LS11 5TQ,See source,Use of building as data centre including installation of six air conditioning units,https://www.planit.org.uk/planapplic/Leeds/18/05279/FU/
Leeds,Full,Permitted,2018-08-20,2018-11-12,Land Adj To Radley House Richardshaw Road Stanningley Pudsey LS28 6QW,LS28 6QW,See source,Use of land for the provision of a data centre (use class B8) together with the installation of six air conditioning units; one generator contained within an outdoor compound and fencing,https://www.planit.org.uk/planapplic/Leeds/18/05319/FU/
Leeds,Full,Permitted,2018-08-22,2018-10-26,Land Adj To 405 York Road Leeds LS9 6TA,LS9 6TA,See source,Provision of a data centre (use class B8) together with the installation of six air conditioning units and one generator contained within an outdoor compound.,https://www.planit.org.uk/planapplic/Leeds/18/05391/FU/
Vale of White Horse,Full,Permitted,2018-09-05,2019-06-14,"Land to the west of, Didcot B Power Station",,See source,"Site clearance and preparation, and the development of a Data Centre campus comprising two Data Centre units, emergency back-up diesel generators, the surface storage of emergency diesel fuel, the erection of sub-station, hard and soft landscaping including ecology measures and SUDS, parking and security measures",https://www.planit.org.uk/planapplic/WhiteHorse/P18/V2277/FUL/
Cambridge,Full,Permitted,2018-09-07,2018-11-01,1 Nuffield Close Cambridge CB4 1SS,CB4 1SS,See source,Change of use to B8 (storage and distribution) for the provision of a data centre together with the installation of six air conditioning units.,https://www.planit.org.uk/planapplic/Cambridge/18/1412/FUL/
Coventry,Conditions,Conditions,2018-09-13,2018-11-08,"University Of Warwick, Argent Court Sir William Lyons Road, Coventry, CV4 7EZ",CV4 7EZ,,"Application to remove condition no.5 (notwithstanding specific plan number) and vary condition no.2 (drawing numbers) imposed on planning permission, FUL/2018/1708 for removal of a redundant acoustic barrier, removal of redundant solar shading, construction of a new building within the existing external plant compound (UPS Building) and extension to existing plant concrete slab for a new chiller unit (DAC). Addition of ductwork, fixed to the existing Data Centre, granted 20th August 2018. | Historic Reference: FUL/2018/1708",https://www.planit.org.uk/planapplic/Coventry/S73/2018/2616/
Leeds,Full,Withdrawn,2018-09-17,2018-10-25,Land Adjacent To Shannon Street Richmond Hill Leeds LS9 8SS,LS9 8SS,See source,"Provision of a data centre together with the installation of six air conditioning units, one generator and fencing",https://www.planit.org.uk/planapplic/Leeds/18/05861/FU/
Causeway and Glens,Outline,Permitted,2018-10-01,2020-09-24,Former Shackleton Barracks Ballykelly ( immediately North of 20 Dukes Lane and 13-22 Hyacinth Avenue and immediately East of Walworth Park ),,See source,"Demolition of existing buildings and erection of Data Centre (approximately 25,000m2 ).",https://www.planit.org.uk/planapplic/CausewayGlens/LA01/2018/1190/O/
Broxbourne,Outline,Conditions,2018-10-10,2020-06-23,Land at Maxwells Farm West Great Cambridge Road Cheshunt Hertfordshire,,See source,Outline application for construction of a high-tech employment development in a parkland setting together with associated infrastructure comprising: 1) A data centre facility (upto 65 000 sq.m) and associated ancillary plant storage and office space 2) Business space (upto 36 400 sq.m) reserved for B1/B2/B8 use 3) Open space landscaping and flood mitigation 4) Associated vehicular access from the A10 (Great Cambridge Road) and Lieutenant Ellis Way 5) Electricity sub-station,https://www.planit.org.uk/planapplic/Broxbourne/07/18/1181/O/
Hart,Full,Permitted,2018-10-12,2019-01-30,Cody Technology Park Ively Road Farnborough Hampshire,,See source,Erection of an extension the Datum FRNI facility to accommodate a data centre (use class Sui Generis),https://www.planit.org.uk/planapplic/Hart/18/02329/FUL/
Slough,Full,Conditions,2018-10-24,2019-01-21,"724-729, Dundee Road, Slough, SL1 4JU",SL1 4JU,See source,Construction of new external plant areas to serve new data centre hall.,https://www.planit.org.uk/planapplic/Slough/P/02933/009/
Slough,,Permitted,2018-10-26,2018-11-26,"Fullers Logistics Ltd, 470-475, Malton Avenue, Slough, SL1 4QU",SL1 4QU,See source,Single building for data centre development,https://www.planit.org.uk/planapplic/Slough/T/135/
Tower Hamlets,Full,Permitted,2018-10-29,2019-07-19,"Bishopsgate Court, 4 Norton Folgate, London, E1 6DB",E1 6DB,See source,"Proposed external and internal alterations to the existing building, including partial demolition works, facade replacement with retention of existing structural frame; extension of the existing building, including side extensions, part-one, part-two storey upward extensions to create a part-five, part-eight storey building incorporating 1,323 sq. m (GIA) of additional office space (Use Class B1) and increasing the height of the building to 44.77m AOD to roof; change of use of part of the ground floor and basement floors from data centre (Use Class Sui Generis) / office space (Use Class B1) to flexible retail (use Classes A1/A3) (597 sq.m) and gym (Use Class D2) (534 sq.m); provision of new external roof terraces at levels 5, 7 and 8; external landscaping works and creation of outdoor seating space in the rear courtyard; cycle parking; installation of plant; and other ancillary works",https://www.planit.org.uk/planapplic/TowerHamlets/PA/18/03061/A1/
Runnymede,Full,Permitted,2018-10-30,2019-03-14,Longcross North Chobham Lane Chertsey KT16 0EE,KT16 0EE,,"Hybrid planning application for the demolition of existing buildings and redevelopment of the site to provide; up to 79,025sqm (GEA) of Class B1 employment uses (including parking); up to 36,000sqm (GEA) of sui generis Data Centres use (including ancillary facilities and parking); up to 200 dwellings, including a detailed first phase comprising 108 dwellings (comprising 13 x two bed, 26 x three bed, 21 x four bed and 13 x five bed dwellings; 8 x one bed apartments and 23 x two bed apartments; and 2 x one bed FOGs and 2 x two bed FOGs); roadways driveways and pavements; fencing and walling; up to 6,300sqm (GEA) of ancillary uses, including Class A1 - A5 uses (i.e. retail uses, cafe/restaurants and a public house up to 1,550sqm GEA), Class D1 uses (i.e. childcare facilities up to 600sqm GEA); Class D2 uses (i.e. Health and Leisure (up to 1900sqm GEA); the creation of Publicly Accessible Open Space (PAOS), ecological habitats, general amenity areas ( including informal and formal open spaces), equipped play areas and landscaped areas; new vehicular accesses from the existing public highway network; vehicle and cycle parking; bin stores; landscape compound; car parking (for railway station); electricity sub-stations; lighting; drainage and associated infrastructure works, including sustainable drainage systems (SUDS); a foul pumping station; an acoustic fence and associated engineering and service operations.",https://www.planit.org.uk/planapplic/Runnymede/RU.18/1657/
Leeds,Full,Permitted,2018-11-02,2018-12-24,Intercity Court Intercity Way Swinnow Leeds LS13 4HN,LS13 4HN,See source,Installation of six air conditioning units to building for use as a data centre.,https://www.planit.org.uk/planapplic/Leeds/18/06894/FU/
West Northamptonshire,Full,Permitted,2018-11-12,2018-12-28,University of Northampton Avenue Campus St Georges Avenue Northampton Northamptonshire,,See source,Installation of new Diesel Rotary Uninterrupted Power Supply (DRUPS) system to support the Newton Data Centre upgrade,https://www.planit.org.uk/planapplic/WestNorthamptonshire/N/2018/1565/
Bolton,Full,Conditions,2018-11-29,2019-02-12,Royal Bolton Hospital Minerva Road Farnworth Bolton BL4 0JR,BL4 0JR,See source,ERECTION OF PRE-FABRICATED DATA CENTRE,https://www.planit.org.uk/planapplic/Bolton/05053/18/
Leeds,Full,Withdrawn,2018-12-06,2019-12-03,Land Off Moss Valley Moortown Leeds LS17 7NT,LS17 7NT,See source,Change of use of land including erection of a data centre (B8 planning use class) including installation of six air conditioning units and one generator,https://www.planit.org.uk/planapplic/Leeds/18/07153/FU/
South Lanarkshire,,Permitted,2018-12-10,2018-12-17,Land N Of Aikmanhill Estate Cairnhouses Road Douglas Lanark South Lanarkshire,,See source,"Erection of 37,161 square metre 75MW data centre, a 7MW gas turbine unit, 12mMW solar farm and formation of industrial park with associated infrastructure",https://www.planit.org.uk/planapplic/SouthLanarkshire/P/18/0013/PAN/
Slough,,Undecided,2018-12-12,,"75, Buckingham Avenue, Slough, SL1 4PN",SL1 4PN,See source,"Provision of a detached single business unit providing 6,500 sqm for data centre use with a quoted building footprint coverage of 49.1%.",https://www.planit.org.uk/planapplic/Slough/T/138/
Derry and Strabane,,Permitted,2019-01-07,2019-02-01,The application site extends across two parcels of land located east and west of Maydown Road Lisahally Port Derry. Each land parcel extends to approximately 6 ha forming one single contiguous planning application site,,See source,"Erection of four (3 storey) IT Services and Data Centre buildings with ancillary offices and roof level plant area and security perimeter fence, internal access road, car parking, landscaping, open air plant compounds, containerised backup generators and transformers and associated site and access works",https://www.planit.org.uk/planapplic/DerryStrabane/LA11/2019/0022/PAN/
Leeds,Full,Permitted,2019-01-14,2019-05-28,10 Wide Lane Morley Leeds LS27 9BL,LS27 9BL,See source,"Alterations involving installation of six air conditioning units, replacement vent cover, installation of an additional vent, 2 removable bollards and erection of a 3 and 3.5m acoustic fence and 3m high palisade fence associated with the proposed use of the existing building as a data centre (use class B8)",https://www.planit.org.uk/planapplic/Leeds/19/00165/FU/
Croydon,Full,Permitted,2019-02-05,2019-04-12,Unit 1 35 Imperial Way Croydon CR0 4RR,CR0 4RR,See source,"Erection of an outbuilding to provide an external electrical switchroom for the existing data centre, installation of plant access doors, landing platform, and replacement extraction units, associated alterations",https://www.planit.org.uk/planapplic/Croydon/19/00539/FUL/
Hart,Full,Permitted,2019-02-15,2019-10-16,A50 Cody Park Ively Road Farnborough Hampshire GU14 0LH,GU14 0LH,See source,"The demolition of Buildings A50 and A57 and the erection of a new data centre, plant, highways works, vehicle access, infrastructure, enclosures, landscaping and other associated works (Response to LLFA Comments received 13.05.2019)",https://www.planit.org.uk/planapplic/Hart/19/00352/FUL/
Slough,Full,Conditions,2019-02-15,2019-10-08,"Land Adjacent To, 225, Bath Road, Cippenham, Slough, Berkshire",,See source,"Redevelopment of the site comprising the construction of a Data Centre (Sui Generis), including ancillary offices, emergency generators and flues, vehicle and cycle parking, drainage infrastructure, boundary treatments, landscaping and other ancillary works.",https://www.planit.org.uk/planapplic/Slough/P/00730/091/
Sutton,,Permitted,2019-02-28,2019-03-21,Unit 1 35 Imperial Way Croydon CR0 4RR,CR0 4RR,See source,"Erection of an outbuilding to provide an external electrical switchroom for the existing data centre, installation of plant access doors, landing platform, and replacement extraction units, associated alterations (19/00539/FUL).",https://www.planit.org.uk/planapplic/Sutton/DM2019/00368/
Exeter,Full,Permitted,2019-03-05,2019-08-05,Exeter College Further Education Hele Road Exeter Devon EX4 4JS,EX4 4JS,See source,"Construction of three storey extension to southern elevation of the existing Hele Building to deliver a new Digital and Data Centre (Institute of Technology) (Use Class D1), together with associated landscaping and a revised parking layout.",https://www.planit.org.uk/planapplic/Exeter/19/0330/FUL/
Rhondda,,Permitted,2019-03-26,2019-06-14,Rhondda Fach Leisure Centre East Street Tylorstown Ferndale CF43 3HR,CF43 3HR,See source,"Change of use from class D2 leisure centre to mixed use development comprising of class use D2 leisure centre & B1 office accommodation. (Revised plans, including site location plan, incorporating conversion of ground floor meeting room to provide additional office space and data centre, received 30th April 2019).",https://www.planit.org.uk/planapplic/Rhondda/19/0328/08/
Newcastle upon Tyne,Full,Permitted,2019-04-01,2019-06-27,"Street Record Bells Close, Lemington, Newcastle Upon Tyne,",,See source,"Provision of 2no. cabins for a data centre (Class B8), installation of 12no. air conditioning units, 2no. generators, 1no. meter cabinet, removable bollards, erection of a 2.4m high boundary fence with associated access. Amended 12th June 2019",https://www.planit.org.uk/planapplic/NewcastleUponTyne/2019/0596/01/DET/
Newcastle upon Tyne,Full,Permitted,2019-04-05,2019-07-05,"Street Record Scotswood Road, Newcastle Upon Tyne,",,See source,"Erection of data centre comprising of 2no data cabins, 12 no air conditioning units, 2 no generators and 1 no meter cabinet with associated access and erection of 2.4m high mesh fence to provide compound.",https://www.planit.org.uk/planapplic/NewcastleUponTyne/2019/0576/01/DET/
West Northamptonshire,Full,Permitted,2019-04-08,2019-07-31,"Land At, Stone Circle Road, Northampton",,See source,"Siting of containers, generators and associated air conditioning equipment surrounded by weld mesh fencing, new access and net enclosure for use as a Data Centre (use class B8).",https://www.planit.org.uk/planapplic/WestNorthamptonshire/N/2019/0469/
Durham,Full,Permitted,2019-04-23,2019-06-19,Glaxo Harmire Road Barnard Castle DL12 8DT,DL12 8DT,See source,Installation of prefabricated data centre building to the south of J Block,https://www.planit.org.uk/planapplic/CountyDurham/DM/19/01312/FPA/
Epping Forest,Outline,Conditions,2019-05-02,2020-03-05,Alandale Scaffolding Langston Road Loughton IG10 3SL,IG10 3SL,See source,Application for Outline Planning Permission for a new data centre.,https://www.planit.org.uk/planapplic/EppingForest/EPF/1136/19/
Ealing,Full,Conditions,2019-05-03,2019-07-01,22 Uxbridge Road Ealing W5 2RJ,W5 2RJ,,Change of use and external alterations to the building to facilitate the conversion of part of the basement from a B1(a) data centre to recording studios (Use Class Sui Generis) and a gymnasium (Use Class D2),https://www.planit.org.uk/planapplic/Ealing/191968FUL/
Highland,Full,Permitted,2019-05-22,2019-07-09,Land 145M NE Of 14A Inverness Campus Inverness,,See source,"Siting of two data centre cabins, installation of 12 air conditioning units, two generators and meter cabinet, within fenced compound",https://www.planit.org.uk/planapplic/Highland/19/02320/FUL/
South Lanarkshire,Outline,Permitted,2019-06-04,2020-05-28,Lanark 700M North Of Birkhill Mill Cairnhouses Road Douglas Lanark South Lanarkshire,,See source,Erection of data centre (Class 4 Business) and associated 12MW Solar farm and 7.5MW gas turbine with light industrial (Class 5) area and associated infrastructure (Planning permission in principle),https://www.planit.org.uk/planapplic/SouthLanarkshire/P/19/0896/
BCP,Outline,Permitted,2019-06-07,2019-07-01,"81 Sopers Lane, Poole, BH17 7ET",BH17 7ET,See source,"Prior Approval for Demolition of Data Centre,Sprinkler House, Pump House and Transformer Housing",https://www.planit.org.uk/planapplic/BCP/APP/19/00725/PA/
East Suffolk,Full,Permitted,2019-07-09,2019-12-23,Leyland Court Barnards Way Lowestoft NR32 2EP,NR32 2EP,See source,"Change of use at Unit 1 Leyland Court, Barnards Way, to include installation of two fibre cabins, two generators, associated air conditioning equipment and air vents for use as a data centre",https://www.planit.org.uk/planapplic/EastSuffolk/DC/19/2742/FUL/
Newcastle upon Tyne,Full,Permitted,2019-07-22,2019-09-26,"Street Record Moorview Crescent, Newcastle Upon Tyne,",NE5 3UT,See source,"Erection of 2 no data centre cabins, installation of 12 no air conditioning units, 2 no generators, 1no meter cabinet all contained within a fenced compound (height of fence 2.4 metres) and associated access",https://www.planit.org.uk/planapplic/NewcastleUponTyne/2019/1120/01/DET/
North Tyneside,Full,Permitted,2019-07-29,2019-09-23,Land North East Of Data Centre Cobalt Park Way Wallsend Tyne And Wear,,See source,Construction of a 171-space car park with associated ancillary works on land north east of Cobalt House Data Centre,https://www.planit.org.uk/planapplic/NorthTyneside/19/01021/FUL/
Doncaster,Full,Permitted,2019-08-14,2019-10-16,Land On The North West Side Of Ten Pound Walk Lakeside Doncaster DN4 5HX,DN4 5HX,See source,"Provision of a data centre comprising of the installation of two steel cabins, twelve air conditioning units and two generators contained within an enclosed outdoor compound of a 2.4m high mesh fence.",https://www.planit.org.uk/planapplic/Doncaster/19/01957/FUL/
Slough,,Permitted,2019-08-19,2019-10-08,"Logicalis, 110, Buckingham Avenue, Slough, SL1 4PF",SL1 4PF,See source,Demolition of 110 Buckingham Avenue and the construction of a new data centre facility.,https://www.planit.org.uk/planapplic/Slough/T/142(121/19)/
Sheffield,Full,Rejected,2019-08-21,2019-12-16,Land Between Sheffield Road And Canal Wharf Road Sheffield S9 1RG,S9 1RG,See source,"Erection of 2x single-storey buildings (Use Class B8 - storage) to house a data centre including 12x air conditioning units, 2x generators, provision of a access gates and 2.4m high fencing",https://www.planit.org.uk/planapplic/Sheffield/19/03085/FUL/
Rotherham,Amendment,Withdrawn,2019-08-23,2019-09-24,Unit 2 Clough Road Masbrough 9999,,See source,Change of Use to data centre (Use Class B1),https://www.planit.org.uk/planapplic/Rotherham/RB2019/1330/
Hounslow,Full,Permitted,2019-08-23,2019-10-15,"Sir Mchael Perry Technology College Unit 4 Westgate Estate STAINES ROAD, FELTHAM, TW14 8RS",TW14 8RS,See source,Erection of new gantry to accommodate additional external mechanical and electrical plant infrastructure to support 7.8MW up-grading work to Existing Data Centre.,https://www.planit.org.uk/planapplic/Hounslow/P/2019/3115/
Wiltshire,Outline,Permitted,2019-09-10,2019-10-15,Land to the South of Westwells Road Spring Park Corsham Wiltshire,,,EIA Screening Opinion Request for demolition of Building SQ2 for development of a new data centre,https://www.planit.org.uk/planapplic/Wiltshire/19/08794/SCR/
Slough,,Permitted,2019-09-16,2019-12-11,"Arben Precision Sheet Metal Ltd, 204, Bedford Avenue, Slough, SL1 4RY",SL1 4RY,See source,Development of a detached warehouse unit with (ancillary first floor office accommodation) B1 B2 B8 AND Data Centre.,https://www.planit.org.uk/planapplic/Slough/T/145(SPZ/119/19)/
Derby,Full,Permitted,2019-09-19,2019-10-23,Land At The Junction Of Meadow Lane And London Road Derby,,See source,"Erection of a compound for use as a data centre. Installation of eight air conditioning units, two generators with a boundary fence and gates",https://www.planit.org.uk/planapplic/Derby/19/01343/FUL/
Derby,Full,Permitted,2019-10-08,2019-12-02,Unit B1 Crown Park Parcel Terrace Derby DE1 1LY,DE1 1LY,See source,"Erection of a compound for use as a data centre. Installation of eight air conditioning units, two generators with a boundary fence and gates",https://www.planit.org.uk/planapplic/Derby/19/01434/FUL/
Tower Hamlets,Amendment,Permitted,2019-10-23,2020-02-21,"Bishopsgate Court, 4 Norton Folgate, London, E1 6DQ",E1 6DQ,See source,"Proposed external and internal alterations to the existing building, including partial demolition works, facade replacement with retention of existing structural frame; extension of the existing building, including side extensions, part-one, part-two storey upward extensions to create a part-five, part-eight storey building incorporating 1,323 sq. m (GIA) of additional office space (Use Class B1) and increasing the height of the building to 44.77m AOD to roof; change of use of part of the ground floor and basement floors from data centre (Use Class Sui Generis) / office space (Use Class B1) to flexible retail (use Classes A1/A3) (597 sq.m) and gym (Use Class D2) (534 sq.m); provision of new external roof terraces at levels 5, 7 and 8; external landscaping works and creation of outdoor seating space in the rear courtyard; cycle parking; installation of plant; and other ancillary works Application for non-material amendment to planning permission ref: PA/18/03061, Dated 19/07/2019 Amendments include: The introduction of a double height element to more clearly demark the building entrance. Change to the facade materiality from brick to stone wall finish at first floor level and levels 4/5 of the rear (east) elevation. Change to the column materiality from stone wall finish to brick at level 6 (east) elevation Additional brick band detailing is introduced to the south façade for added consistency. Windows at fhe north western corner bay to project outwards. New fire escape door at south-west corner of the building and additional fire escape door to the gym along Folgate Street Changes to ground floor external doors. Minor changes to the positioning of the pergolas and general layout design to the rear courtyard.",https://www.planit.org.uk/planapplic/TowerHamlets/PA/19/02285/NC/
Scottish Borders,Full,Conditions,2019-10-28,2019-11-25,Borders General Hospital Melrose Scottish Borders TD6 9BS,TD6 9BS,See source,"Installation of resilient data centre facility building, 4 No air condensing units, 1 No generator and erection of security fence",https://www.planit.org.uk/planapplic/ScottishBorders/19/01534/FUL/
Slough,Outline,Permitted,2019-11-04,2020-09-08,"Langley Business Centre, Station Road, Slough, SL3 8DS",SL3 8DS,See source,"EIA scoping opinion request for proposed data centre development with associated infrastructure, commercial space and up to 60 residential units",https://www.planit.org.uk/planapplic/Slough/P/00437/092/
Derby,Conditions,Conditions,2019-11-27,2019-12-02,Land At The Junction Of Meadow Lane London Road Derby,,,"Erection of a compound for use as a data centre. Installation of eight air conditioning units, two generators with a boundary fence and gates - discharge of condition No 5 of previously approved permission DER/19/01343",https://www.planit.org.uk/planapplic/Derby/19/01673/DISC/
Wolverhampton,Full,Permitted,2019-12-09,2020-01-02,Land At 325 - 341 Bilston Road Wolverhampton WV2 2NH,WV2 2NH,See source,"Creation of a data centre, including 12 air conditioning units and two generators contained within an outdoor compound.",https://www.planit.org.uk/planapplic/Wolverhampton/19/01423/FUL/
Wolverhampton,Full,Permitted,2019-12-23,2020-02-12,Aldersley Garage Aldersley Road Wolverhampton West Midlands WV6 9NB,WV6 9NB,,Demolition of existing building and replacement with a data centre together with the installation of 12 air conditioning units and two generators contained within an outdoor compound,https://www.planit.org.uk/planapplic/Wolverhampton/19/01480/FUL/
Newport,Full,Conditions,2020-01-16,2020-09-10,Land East Of Celtic Technology Centres Celtic Way Celtic Lakes Newport South Wales,,See source,"ERECTION OF 4NO. THREE-STOREY DATA CENTRE BUILDINGS COMPRISING B8 USE AND ANCILLARY B1 USE, PROVISION OF EMERGENCY GENERATORS, SECURITY LODGE, HARD AND SOFT LANDSCAPING, INTERNAL ACCESS ROADS, CAR PARKING AND SUSTAINABLE DRAINAGE",https://www.planit.org.uk/planapplic/Newport/20/0039/
South Gloucestershire,Full,Conditions,2020-02-17,2020-04-17,Unit 17 Eagles Wood Business Park Woodlands Lane Bradley Stoke South Gloucestershire BS32 4EU,BS32 4EU,See source,"Change of Use from Data centre (Sui Generis) to mixed use office, industry and storage/distribution (Sui Generis) as defined in the Town and Country Planning (Use Classes) Order 1987 (as amended).",https://www.planit.org.uk/planapplic/SouthGloucestershire/P20/03033/F/
Highland,Outline,Permitted,2020-03-13,2020-03-25,Land 500M West Of Philips Mains Mey,,See source,Request for EIA Screening Opinion - Development of data centre,https://www.planit.org.uk/planapplic/Highland/20/01258/SCRE/
Derby,Full,Permitted,2020-03-17,2020-05-05,Land Between Cheviot Street And Kingsway Park Close Derby DE22 3FP,DE22 3FP,See source,Provision of a data centre (Use Class B8) together with the installation of 12 air conditioning units and two generators contained within an outdoor compound,https://www.planit.org.uk/planapplic/Derby/19/01787/FUL/
Preston,Full,Conditions,2020-03-18,2020-06-29,"Land off Brockholes View, Preston, PR1 4BH",PR1 4BH,See source,"Use of land as data centre (use class B8) including installation of two single storey cabins, two generators and twelve air conditioning units to be enclosed within 2.4m high fence",https://www.planit.org.uk/planapplic/Preston/06/2020/0281/
Gloucester,Full,Permitted,2020-04-01,2020-08-03,Unit 2 Corolin Road Gloucester GL2 5DQ,GL2 5DQ,,Proposed change of use of building to B8 (storage and distribution) along with external modifications to the building to allow its use as a data centre.,https://www.planit.org.uk/planapplic/Gloucester/20/00316/FUL/
North Somerset,Full,Undecided,2020-04-02,,Land At Hornets Rugby Football Club Hutton Moor Road Weston-super-Mare,,See source,Change of use of land for B8 (Storage & Distribution) use and the installation of 2no. fibre cabins; 8no. Air conditioning units; 2no. electrical generators; 1no. meter cabinet; a 2.4m high fence and ancillary development forming a data centre,https://www.planit.org.uk/planapplic/NorthSomerset/20/P/0795/FUL/
Portsmouth,Full,Conditions,2020-04-02,2020-08-26,"Ex Gift Ltd, Unit 4 Claybank Road Portsmouth PO3 5NH",PO3 5NH,See source,"Change of use to data centre (Class B8), to include installation of air vents and replacement doors",https://www.planit.org.uk/planapplic/Portsmouth/20/00410/FUL/
Renfrewshire,Full,Conditions,2020-04-08,2020-07-07,Land To The South Of McKenzie Street Paisley,,See source,"Installation of data centre, plant and equipment compound",https://www.planit.org.uk/planapplic/Renfrewshire/20/0203/PP/
Reading,Full,Permitted,2020-04-15,2020-07-16,47 Loverock Road Reading RG30 1DZ,RG30 1DZ,See source,"Change of use of industrial unit (Class B2) to data centre (Class B8),installation of 6no. air conditioning units and various external alterations",https://www.planit.org.uk/planapplic/Reading/PL/20/0565/
Ipswich,Full,Conditions,2020-04-16,2020-06-12,Land Adjacent To 130 Sandyhill Lane Ipswich Suffolk,,See source,"Siting of a meter cabinet and two containers for use as a data centre, together with associated air conditioning units plus two enclosures adjacent to each container housing generators on concrete bases. Erection of a 2.4m high mesh fence around the site.",https://www.planit.org.uk/planapplic/Ipswich/20/00324/FUL/
Sheffield,Full,Permitted,2020-04-17,2020-06-30,Land Adjacent 10 Parkway Drive Sheffield S9 4TY,S9 4TY,See source,"Erection of 2x single-storey buildings (Use Class B8 - storage) to house a data centre including 12x air conditioning units, 2x generators, provision of a access gates and 2.4m high fencing",https://www.planit.org.uk/planapplic/Sheffield/20/01276/FUL/
Brighton,Full,Permitted,2020-05-05,2020-06-19,Unit 7 The Hyde Brighton BN2 4JE,BN2 4JE,,"Change of use from existing unoccupied industrial unit to data centre (B8). Installation of 8no air-conditioning units to side elevation and 3no air vents to side and rear elevations. Replacement of existing fire doors with steel security doors, installation of 2no sunken chamber pits and associated works.",https://www.planit.org.uk/planapplic/Brighton/BH2020/01222/
Stoke on Trent,Full,Conditions,2020-05-10,2020-07-03,"Units F4 And F5, Fenton Trade Park, Dewsbury Road, Stoke-on-trent, St4 2te ,",ST4 2TE,See source,"Change of use to data centre, together with elevational changes (Sui Generis)",https://www.planit.org.uk/planapplic/Stoke/65328/FUL/
Camden,Heritage,Permitted,2020-05-19,2020-05-20,Kathleen Lonsdale Building Gower Place Bloomsbury London WC1E 6BN,WC1E 6BN,See source,Creation of a new opening and associated works between the Data Centre and the Lift Motor Room within the basement of the Kathleen Lonsdale Building.,https://www.planit.org.uk/planapplic/Camden/2020/2009/L/
Stoke on Trent,Full,Conditions,2020-05-19,2020-07-03,"Sneyd Trading Estate, Unit 4b, Sneyd Hill, Burslem, Stoke-on-trent, St6 2eb ,",ST6 2EB,See source,"Change of use to data centre, together with elevational changes (Sui Generis)",https://www.planit.org.uk/planapplic/Stoke/65376/FUL/
Salford,Full,Permitted,2020-05-30,2020-10-15,"Evolution Unit 1 & 2 , Agecroft Commerce Park, 2 Firedamp Way, Swinton, M27 8BX",M27 8BX,See source,"conversion of 2 existing warehouses into data centres, including the alteration of parking spaces, installation of additional foundations to support a mezzanine and first floor, external fire exit stairways, elevational alterations and extension of office space, and installation of external plant/machinery equipment including substation.",https://www.planit.org.uk/planapplic/Salford/20/75336/FUL/
Rushcliffe,Full,Conditions,2020-06-01,2020-12-04,Unit 8B Nottingham South And Wilford Industrial Estate Ruddington Lane West Bridgford Nottinghamshire NG11 7EP,NG11 7EP,See source,"Change of use from B8 to use as a data centre, installation of 8 no air-conditioning units, external building modifications and ancillary works and proposed substation",https://www.planit.org.uk/planapplic/Rushcliffe/20/01229/FUL/
Cheltenham,Full,Permitted,2020-06-01,2020-07-20,Unit 4 Cheltenham Trade Park Enterprise Way Cheltenham Gloucestershire GL51 8LZ,GL51 8LZ,See source,"Provision of a data centre (use class B8) within unit 4 Cheltenham Trade Park, together with associated external alterations comprising installation of vents within the front and rear elevations and replacement doors.",https://www.planit.org.uk/planapplic/Cheltenham/20/00847/FUL/
Nottingham,Full,Conditions,2020-06-05,2020-07-31,"Bloomsgrove Industrial Estate, Unit 8 Bloomsgrove Road Nottingham NG7 3JG",NG7 3JG,See source,"Change to B8 building use, installation of 8no. air-conditioning units, external building modifications & ancillary development, enabling use of building as data centre",https://www.planit.org.uk/planapplic/Nottingham/20/01104/PFUL3/
Stoke on Trent,Full,Undecided,2020-06-05,,"Land at Uttoxeter Road, Longton, Stoke-on-Trent ST3 1QH",ST3 1QH,See source,"Change of use to storage of electronic data (sui generis), and erection of data centre, together ancillary development comprising installation of 2 fibre cabins, 8 air conditioning units, 2 electricial generators, 1 meter cabinet, 2.4m high palisade fencing and gates and relocation of existing storage containers",https://www.planit.org.uk/planapplic/Stoke/65426/FUL/
Oxford,Heritage,Permitted,2020-06-10,2020-10-28,Oxford University Press Great Clarendon Street Oxford Oxfordshire OX2 6DP,OX2 6DP,See source,Internal alterations to E Wing including blocking of doorways; installation of new door and partitions; blocking up of windows and insertion of louvred vent; new suspended ceilings; new mechanical and electrical services and openings to create new Data Centre (retention of works).,https://www.planit.org.uk/planapplic/Oxford/20/01407/LBC/
Gateshead,Amendment,Permitted,2020-06-11,2020-09-21,Unit 5 Saltmeadows Trade Park Neilson Road Gateshead NE10 0EQ,NE10 0EQ,,Change of use of industrial unit with external building modifications and ancillary works to data centre (additional information received 12.08.2020),https://www.planit.org.uk/planapplic/Gateshead/DC/20/00462/COU/
Glasgow,Full,Conditions,2020-06-19,2020-08-06,Burntbroom Court Block 3-3B2 22B Shotts Street Glasgow G33 4JB,G33 4JB,See source,Use of unit as data centre (Class 6) and external alterations including installation of mechanical air-conditioning vents.,https://www.planit.org.uk/planapplic/Glasgow/20/01547/FUL/
Stoke on Trent,Full,Conditions,2020-06-19,2020-08-14,"Far Green Industrial Estate, Unit 10, Chell Street, Hanley, Stoke-on-trent, St1 6az ,",ST1 6AZ,See source,Change of use to data centre (Sui Generis) and elevational alterations,https://www.planit.org.uk/planapplic/Stoke/65465/FUL/
Newham,Outline,Permitted,2020-06-22,2020-08-13,Galaxy Business Centre North Crescent Canning Town London E16 4TG,E16 4TG,See source,Application for a lawful development certificate for the proposed Data Centre use.,https://www.planit.org.uk/planapplic/Newham/20/01187/CLP/
Brent,Full,Permitted,2020-06-23,2020-10-02,"1-5 JVC Business Park & JVC House, 12 JVC Business Park, Priestley Way, London, NW2",,See source,"Alterations and extensions to existing building to include roof plant and generator compound extension, external buildings to house sub-station, plant equipment and gate house, re-configuration of the car parking layout and provision of security fencing in association with its use as a data centre (Use Class B8) at JVC house",https://www.planit.org.uk/planapplic/Brent/20/1828/
Hillingdon,Full,Permitted,2020-06-24,2020-10-13,Land at Bulls Bridge Industrial Estate NORTH HYDE GARDENS HAYES UB3 4QQ,UB3 4QQ,,"Site clearance and preparation, including the demolition of remaining buildings, and the redevelopment of the site to provide: a new data centre (Use Class B8), two MV Energy Centres (including stand-by generation plant and gas storage), a HV Sub-Station, a visitor reception centre, plant, the creation of a new footpath and cycleway link to the canal towpath, works to the highway, car parking, cycle parking, associated infrastructure, enclosures and necessary physical security systems, hard and soft landscaping (including works to the River Crane) and ancillary uses, as well as associated external works.",https://www.planit.org.uk/planapplic/Hillingdon/75111/APP/2020/1955/
Oadby and Wigston,Full,Permitted,2020-06-24,2020-08-26,Cromwell Logistics Ltd 43 Chartwell Drive Wigston Leicestershire LE18 2FS,LE18 2FS,See source,"Application for full planning permission for external alterations to the building including the siting of five air vents, widening of roller shutter door and replacement of existing door with new security fire door to facilitate use as a data centre (Use Class B8)",https://www.planit.org.uk/planapplic/Oadby/20/00251/FUL/
Hounslow,Outline,Undecided,2020-06-30,,LAND AT BULLS BRIDGE INDUSTRIAL ESTATE NORTH HYDE GARDENS HAYES,,,"Site clearance and preparation, including the demolition of remaining buildings, and the redevelopment of the site to provide: a new data centre (Use Class B8), two MV Energy Centres (including stand-by generation plant and gas storage), a HV Sub-Station, a visitor reception centre, plant, the creation of a new footpath and cycleway link to the canal towpath, works to the highway, car parking, cycle parking, associated infrastructure, enclosures and necessary physical security systems, hard and soft landscaping (including works to the River Crane) and ancillary uses, as well as associated external works.",https://www.planit.org.uk/planapplic/Hounslow/C/2020/2124/
Plymouth,Full,Permitted,2020-07-02,2020-08-25,178 Rendle Street Plymouth PL1 1TP,PL1 1TP,See source,Installation of 12no. air conditioning units and external alterations for use as a data centre (Class B8),https://www.planit.org.uk/planapplic/Plymouth/20/00937/FUL/
South Tyneside,Full,Conditions,2020-07-15,2020-12-18,Land at Garwood Street South Shields NE33 5G,,See source,"Proposed use of land for B8 (storage and distribution) including the installation and siting of 2no. fibre cabins, 8no. air-conditioning units, 2no. electrical generators, 1no. meter cabinet, 2.4m high fence and ancillary development with new proposed 3m wide access road with dropped kerb forming a data centre.",https://www.planit.org.uk/planapplic/SouthTyneside/ST/0427/20/FUL/
Medway,Full,Conditions,2020-07-28,2020-12-18,Land South East Of Unit 6 Medway Distribution Centre Courteney Road Rainham Gillingham Medway ME8 0RT,ME8 0RT,,"Change of use of land to use class B8 (storage or distribution) for installation of 1no. fibre cabins, 4no. air-conditioning units, 1no. electrical generators, 1no. meter cabinet, 2.4m high fence and ancillary development forming a data centre.",https://www.planit.org.uk/planapplic/Medway/MC/20/1806/
Portsmouth,Full,Withdrawn,2020-08-10,2021-06-14,Anchorage Park Recreation Ground (Rear Of Commercial Centre) East Of Sywell Crescent Portsmouth PO3 5FB,PO3 5FB,See source,"Change of use of land to Class B8; construction of single storey data centre to include installation of 2 no. fibre cabins, 8 no. air conditioning units, 2no. generators, 1 no. meter cabinet, 2.4m high fence and ancillary development",https://www.planit.org.uk/planapplic/Portsmouth/20/00898/FUL/
West Berkshire,Full,Permitted,2020-09-02,2022-09-02,Reading Quarry Berrys Lane Burghfield Reading,,See source,Development of an Energy Recovery Centre and adjacent Data Centre and associated infrastructure,https://www.planit.org.uk/planapplic/WestBerkshire/20/02029/COMIND/
Renfrewshire,Full,Conditions,2020-09-16,2020-10-28,45 McKenzie Street Paisley PA3 1LQ,PA3 1LQ,See source,"Installation of data centre, plant and equipment compound",https://www.planit.org.uk/planapplic/Renfrewshire/20/0563/PP/
Tower Hamlets,Full,Permitted,2020-09-18,2023-01-05,"Global Switch House, 3 Nutmeg Lane, London, E14 2AX",E14 2AX,See source,Construction of 10 storey power station unit and goods lift between existing stairwells on east facade of the existing Data Centre building. Addition of rooftop chiller units with screening on north east corner of the building.,https://www.planit.org.uk/planapplic/TowerHamlets/PA/20/01480/A1/
Sheffield,Full,Permitted,2020-09-23,2020-11-17,Environmental Ltd Unit 8 Fieldhouse Way Sheffield S4 7SF,S4 7SF,See source,Change of use of unit to Use Class B8 (Storage) to house a data centre including 12 x air conditioning units and 2 x generators (sui generis),https://www.planit.org.uk/planapplic/Sheffield/20/03308/FUL/
Basingstoke,Outline,Permitted,2020-09-24,2022-02-01,Reading Quarry Berrys Lane Burghfield Reading,,See source,Development of an Energy Recovery Centre and adjacent Data Centre and associated infrastructure Application Number: 20/02029/COMIND Case Officer: Elise Kinderman PLEASE NOTE THAT THE DECISION ON THIS APPLICATION IS MADE BY WEST BERKSHIRE DISTRICT COUNCIL,https://www.planit.org.uk/planapplic/Basingstoke/20/02673/OOBC/
Reading,Outline,Withdrawn,2020-09-25,,Reading Quarry Berrys Lane Burghfield,,See source,EIA Scoping Request for Development of an Energy Recovery Centre and adjacent Data Centre and associated infrastructure,https://www.planit.org.uk/planapplic/Reading/201334/
Plymouth,Outline,Withdrawn,2020-09-28,2020-11-10,University Of Plymouth Drake Circus Plymouth PL4 8AA,PL4 8AA,See source,Pre-application for external enclosure to house new generator serving the University's relocated data centre.,https://www.planit.org.uk/planapplic/Plymouth/20/01477/MOR/
BCP,Full,Permitted,2020-09-30,2021-01-07,Unit 9 Somerford Business Park Christchurch Wilverley Road BH23 3RU,BH23 3RU,See source,"Change of use of unit from B1, B2 and B8 to B1, B2, B8 and Sui Generis (datacentre) with external modifications to unit including: new vents to roof; new vent to front facade; and two windows replaced with vents; widening of roller shutter door; installation of two retractable bollards; and installation of new fire door all to front facade of unit.",https://www.planit.org.uk/planapplic/BCP/8/20/0862/COU/
BCP,Full,Permitted,2020-09-30,2021-01-08,9 Airfield Industrial Estate Airfield Way Christchurch BH23 3PE,BH23 3PE,See source,"Change of use of unit from B1, B2 and B8 to B1, B2, B8 and Sui Generis (datacentre) with external modifications to building facades including new vents; new security fire door; widened rollershutter door; and new and replacement retractable bollards.",https://www.planit.org.uk/planapplic/BCP/8/20/0861/COU/
Reading,Outline,Permitted,2020-09-30,2020-11-24,Reading Quarry Berrys Lane Burghfield RG30 3TH,RG30 3TH,See source,Development of an Energy Recovery Centre and adjacent Data Centre and associated infrastructure,https://www.planit.org.uk/planapplic/Reading/PL/20/1365/
Old Oak Park Royal,Outline,Permitted,2020-10-02,2022-09-27,"37-39, North Acton Road, LONDON, NW10 6PF",NW10 6PF,See source,"Outline planning permission with the details of access, appearance, landscaping, layout and scale reserved for later determination for demolition and redevelopment to comprise a data centre (Use Class B8) of up to 25,000 sqm gross external, including ancillary offices, internal plant and equipment (including flues), and substation. In addition to the above the Development may also include: car parking; provision of external plant and equipment (including flues) and fuel storage; creation of servicing areas and provision of associated services, including waste, refuse, cycle storage, and lighting; and for the laying out of the buildings; routes and open spaces within the development; and all associated and ancillary works and operations including but not limited to: demolition; earthworks; provision of attenuation infrastructure, engineering operations. Development shall be in accordance with the approved Development Parameters Schedule and Plans",https://www.planit.org.uk/planapplic/OldOakParkRoyal/20/0122/OUTOPDC/
Hertsmere,Full,Conditions,2020-10-06,2021-10-25,Site Of Former J Sainsbury Distribution Depot York Crescent Borehamwood Hertfordshire WD6 1SN,WD6 1SN,See source,"Demolition of existing structures and construction of a data centre building (Use Class B8) (including ancillary offices), generators, substation and security structures. Alterations to access and creation of internal roads and car parking/service yards, and provision of landscaping scheme.",https://www.planit.org.uk/planapplic/Hertsmere/20/1573/FUL/
BCP,Full,Withdrawn,2020-10-16,2020-12-02,"Unit 5, Endeavour Park, 11 Witney Road, Poole, BH17 0GH",BH17 0GH,See source,Change of use of existing industrial warehouse building from Sui Generis (bus operating centre) to Sui Generis (data centre) together with modifications to external appearance of the building including: five ground mounted air conditioning units; a replacement fire security door and four high level vents on the rear elevation; and removal of one set of ground level windows with replacement brick wall; removal of one set of high level windows and replacement with vents; installation of two new removable bollards to front of roller shutter door; and a new fire security door on the front elevation.,https://www.planit.org.uk/planapplic/BCP/APP/20/01203/F/
Sheffield,Full,Permitted,2020-11-18,2021-04-08,Site Of 350 Petre Street Sheffield S4 8LU,S4 8LU,See source,"Erection of 2x data centre cabins together with the installation of 12x air conditioning units, 2x generators contained within an outdoor compound and associated works",https://www.planit.org.uk/planapplic/Sheffield/20/04065/FUL/
Brent,,Permitted,2020-11-20,2022-10-19,"2020, Observation Applications, Not in Brent",,See source,"Location: 37-39, North Acton Road, LONDON, NW10 6PF Proposal: Outline planning permission with the details of access, appearance, landscaping, layout and scale reserved for later determination for demolition and redevelopment to comprise a data centre (Use Class B8) of up to 25,000 sqm gross external, including ancillary offices, internal plant and equipment (including flues), and substation. In addition to the above the Development may also include: car parking; provision of external plant and equipment (including flues) and fuel storage; creation of servicing areas and provision of associated services, including waste, refuse, cycle storage, and lighting; and for the laying out of the buildings; routes and open spaces within the development; and all associated and ancillary works and operations including but not limited to: demolition; earthworks; provision of attenuation infrastructure, engineering operations. Development shall be in accordance with the approved Development Parameters Schedule and Plans Ref: 20/0122/OUTOP",https://www.planit.org.uk/planapplic/Brent/20/3800/
Newport,Full,Conditions,2020-12-08,2021-03-03,Land South Of Unit 3 The Courtyard Imperial Park Coedkernew Newport South Wales,,See source,"ERECTION OF TWO STOREY DATA CENTRE BUILDINGS COMPRISING B8 USE AND ANCILLARY B1C USE, PROVISION OF EMERGENCY GENERATORS, ROOF MOUNTED AIR HANDLING UNITS, SECURITY CABIN AND VEHICLE AIRLOCK, FENCING AND CCTV, LIGHTING, HARD AND SOFT LANDSCAPING, CAR PARKING AND SUSTAINABLE DRAINAGE",https://www.planit.org.uk/planapplic/Newport/20/1176/
Bolton,Full,Conditions,2020-12-11,2021-03-01,Land To The South Of Mill Hill Street And East Of Kester Street Bolton,,See source,"INSTALLATION OF TWO FIBRE CABINS FOR USE AS A DATA CENTRE (USE CLASS B8), WITH TWELVE AIR CONDITIONING UNITS, TWO GENERATORS AND A 2.4M HIGH PERIMETER FENCE",https://www.planit.org.uk/planapplic/Bolton/10028/20/
Bracknell,Outline,Permitted,2020-12-14,2021-01-12,Building 2 Hewlett Packard Cain Road Bracknell Berkshire RG12 1HN,RG12 1HN,See source,Request for screening opinion under Regulation 6 of the Town and Country (Environmental Impact Assessment) Regulations 2017 in relation to the redevelopment of the site to provide a data centre and ancillary facilities.,https://www.planit.org.uk/planapplic/Bracknell/20/00044/SCR/
Hillingdon,Full,Rejected,2020-12-21,2022-04-06,LINK PARK HEATHROW THORNEY MILL ROAD WEST DRAYTON,,,"(Cross Borough Boundary Application) Outline planning application with the details of access, appearance, landscaping, layout and scale reserved for later determination. Demolition and redevelopment to comprise a data centre (Use Class B8 (Data Centre) or Sui Generis (Data Centre) of up to 55,000 sq.m (GEA) including ancillary offices, internal plant and equipment and substation. In addition to the above the Development may also include: car parking; provision of external plant and equipment and fuel storage; creation of servicing areas and provision of associated services, including waste, refuse, cycle storage and lighting; and for the laying out of the buildings; routes and open spaces within the development; realignment of railhead; all associated and ancillary works and operations including but not limited to: demolition; earthworks; and provision of attenuation infrastructure and engineering operations.",https://www.planit.org.uk/planapplic/Hillingdon/73420/APP/2020/4268/
Chiltern South Bucks,Outline,Rejected,2020-12-22,2022-03-31,Link Park Heathrow Thorney Mill Road Iver Buckinghamshire,,See source,"Outline planning application with the details of access, appearance, landscaping, layout and scale reserved for later determination. Demolition and redevelopment to comprise a data centre (Sui Generis (Data Centre)) of up to 55,000sqm (GEA) including ancillary offices, internal plant & equipment and substation. In addition to the development may also include: car parking; provision of external plant and equipment and fuel storage; creation of servicing areas and provision of associated services, including waste; refuse, cycle storage and lighting and for the laying out of the buildings; routes and open spaces within the development; realignment of railhead; all associated and ancillary works and operations, including but not limited to demolition; earthworks; provision of attenuation infrastructure, engineering operations",https://www.planit.org.uk/planapplic/ChilternSouthBucks/PL/20/4404/OA/
South Oxfordshire,Full,Permitted,2021-01-18,2021-09-09,Land at Former Didcot A Power Station Milton Road Didcot,,See source,"Hybrid planning application consisting of a) Full Planning Application for the erection of a single storey 8,692 m2 Data Centre building (containing data halls, associated electrical and AHU Plant Rooms, loading bay, maintenance and storage space, office administration areas and screened plant at roof level), emergency generators and emission stacks, diesel tanks and filling area, electrical switchroom, a water sprinkler pump room and storage tanks, a gate house / security building, MV substation, site access, internal access roads, drainage infrastructure, hard and soft landscaping and b) Outline Planning Application for the erection of a two storey 20,800 m2 Data Centre building (containing data halls, associated electrical and AHU Plant Rooms, loading bay, maintenance and storage space, office administration areas and screened plant at roof level), emergency generators and emission stacks, diesel tanks and filling area, electrical switchroom, a water sprinkler pump room and storage tanks; details of appearance will be reserved, along with hard landscaping immediately around the building (as amended by plans and documents received 5th May 2021).",https://www.planit.org.uk/planapplic/SouthOxfordshire/P21/S0274/FUL/
Vale of White Horse,Full,Permitted,2021-01-18,2021-09-09,Land at Former Didcot A Power Station Milton Road Didcot,,See source,"Hybrid planning application consisting of a) Full Planning Application for the erection of a single storey 8,692 m2 Data Centre building (containing data halls, associated electrical and AHU Plant Rooms, loading bay, maintenance and storage space, office administration areas and screened plant at roof level), emergency generators and emission stacks, diesel tanks and filling area, electrical switchroom, a water sprinkler pump room and storage tanks, a gate house / security building, MV substation, site access, internal access roads, drainage infrastructure, hard and soft landscaping and b) Outline Planning Application for the erection of a two storey 20,800 m2 Data Centre building (containing data halls, associated electrical and AHU Plant Rooms, loading bay, maintenance and storage space, office administration areas and screened plant at roof level), emergency generators and emission stacks, diesel tanks and filling area, electrical switchroom, a water sprinkler pump room and storage tanks; details of appearance will be reserved, along with hard landscaping immediately around the building (as amended by plans and documents received 5th May 2021).",https://www.planit.org.uk/planapplic/WhiteHorse/P21/V0167/FUL/
London Legacy,Full,Permitted,2021-01-20,2021-03-23,"6-7, East Bay Lane, Hackney, London, E15 2GW",E15 2GW,See source,"Change of use of floorspace consented as Use Class B8 (data centre) and flexible B1/A1, A3-A5 uses to Use Class B8 (storage and distribution), Use Class E(g), E(a) and E(b) (Business, retails and food & drink).",https://www.planit.org.uk/planapplic/LondonLegacy/21/00027/FUL/
Old Oak Park Royal,Outline,Permitted,2021-01-25,2021-09-07,"Chandos Road Trading Estate, Chandos Road, Park Royal, NW10 6NF",NW10 6NF,See source,"Outline planning permission with the details of access, appearance, landscaping, layout and scale reserved for later determination for demolition and redevelopment to comprise a data centre (Use Class B8) of up to 52,000 sqm gross external, including ancillary offices, internal plant and equipment (including flues), and substation. In addition to the above the Development may include up to 2,500 sqm of work units (Use Class E(g)(ii) & E(g)(iii), B2); car parking; provision of external plant and equipment (including flues); creation of servicing areas and provision of associated services, including waste, refuse, cycle storage, and lighting; and for the laying out of the buildings; routes and open spaces within the development; and all associated works and operations including but not limited to: demolition; earthworks; provision of attenuation infrastructure, engineering operations. Development shall be in accordance with the approved Development Parameters Schedule and Plans.",https://www.planit.org.uk/planapplic/OldOakParkRoyal/21/0013/OUTOPDC/
North Somerset,Full,Permitted,2021-02-02,2021-04-30,City Fibre Centre At Hornets Rugby Football Club Hutton Moor Road Weston-super-Mare,BS22 8LY,See source,Change of use of land for B8 (Storage & Distribution) use and the installation of 1no. fibre cabin; 5no. air-conditioning units; 1no. back-up generator; 1no. meter cabinet; a 2.4m high fence and ancillary development forming a data centre,https://www.planit.org.uk/planapplic/NorthSomerset/21/P/0298/FUL/
Horsham,Full,Permitted,2021-02-08,2021-10-22,Horsham Rugby Club Hammerpond Road Horsham West Sussex RH13 6PJ,RH13 6PJ,See source,"Siting of two containers for use as a data centre (Use Class B8) with 10x air conditioning units, separate generators and metre cabinet, and erection of 2.4 metre high enclosing fence.",https://www.planit.org.uk/planapplic/Horsham/DC/21/0288/
Cambridge,Outline,Undecided,2021-02-19,,Technology Park Fulbourn Road Cambridge Cambridgeshire,,See source,"A hybrid planning application for a total of 56,473sqm of commercial floorspace for Use Classes E(g) i (offices), ii (research and development), ii (light industrial) and B8 (storage and distribution - limited to data centres) uses. Comprising a) an Outline Application with all matters reserved (except for access) for the development of up to 44,671 sqm of floorspace, with associated access, structural landscaping, car and cycle parking and associated infrastructure works; b) a Full Application for the first Phase comprising the main access, one commercial building, a multi-decked car and cycle park and associated landscaping and infrastructure works; and c) a Full Application for the details of initial enabling works comprising site wide earth works and drainage.",https://www.planit.org.uk/planapplic/Cambridge/21/00772/OUT/
South Cambridgeshire,Outline,Rejected,2021-02-19,2021-11-09,Technology Park Fulbourn Road Cambridge Cambridgeshire,,See source,"A hybrid planning application for a total of 56,473sqm of commercial floorspace for Use Classes E(g) i (offices), ii (research and development), ii (light industrial) and B8 (storage and distribution - limited to data centres) uses. Comprising a) an Outline Application with all matters reserved (except for access) for the development of up to 44,671 sqm of floorspace, with associated access, structural landscaping, car and cycle parking and associated infrastructure works; b) a Full Application for the first Phase comprising the main access, one commercial building, a multi-decked car and cycle park and associated landscaping and infrastructure works; and c) a Full Application for the details of initial enabling works comprising site wide earth works and drainage.",https://www.planit.org.uk/planapplic/SouthCambs/21/00772/OUT/
Sheffield,Full,Permitted,2021-03-01,2021-04-30,Peter Ward Engineering 1 Sheaf Bank Sheffield S2 3DA,S2 3DA,See source,"Change of use to Use Class B8 (Storage) to house a data centre including erection of a single-storey building, insertion of 6no. louvred vents on east and west elevations, 2 no. fire doors, 4no. collapsible security bollards, 5no. air conditioning units, 1no. generator and associated mesh security fencing",https://www.planit.org.uk/planapplic/Sheffield/21/00903/FUL/
North Somerset,Full,Permitted,2021-03-05,2021-04-30,Unit 63 Weston Industrial Estate Gazelle Road Weston-super-Mare BS24 9ES,BS24 9ES,See source,"Full planning permission for change of use of building to Use Class B8 (Storage or distribution) for use as a data centre. External building modifications consisting of 6no. air vents, replacement of 2no. doors; security grilles and reflective film added to all windows; 2no. steel posts installed outside of roller shutter doors and ancillary development",https://www.planit.org.uk/planapplic/NorthSomerset/21/P/0672/FUL/
Brentwood,Other,Permitted,2021-03-11,2021-04-14,Car Park Adj Central Office Ford Motor Co Ltd Eagle Way Great Warley Essex,,See source,Prior Approval Notification - Demolition of data centre and associated development on the south of the site - subject to current application 20/01111/FUL.,https://www.planit.org.uk/planapplic/Brentwood/21/00312/DEM/
Swindon,Full,Permitted,2021-03-19,2021-08-09,National Data Centre Old Burderop Hospital Site Brimble Hill Wroughton Swindon SN4 0RQ,SN4 0RQ,See source,"Erection of a replacement Data Centre (containing data halls, associated electrical and AHU Plant Rooms, loading bay, maintenance and storage space, office administration areas and plant at roof level), emergency back-up generators and emission stacks, diesel tanks and filling area, electrical switchroom, a water sprinkler pump room and storage tank, a gate house, site access, internal access roads, hard/soft landscaping, and rainwater infiltration pond.",https://www.planit.org.uk/planapplic/Swindon/S/21/0518/
BCP,Full,Permitted,2021-04-21,2021-08-16,"Unit 5, Endeavour Park, 11 Witney Road, Poole, BH17 0GJ",BH17 0GJ,See source,"Change of use to D2 gym, sui-generis datacentre and / or research and development B1(b), light industrial B1(c), or B8 storage and distribution, together with associated external alterations and plant",https://www.planit.org.uk/planapplic/BCP/APP/21/00623/F/
Tower Hamlets,Outline,Permitted,2021-04-28,2021-05-19,"LAND AT GLOBAL SWITCH, EAST INDIA DOCK HOUSE, 240 EAST INDIA DOCK ROAD, LONDON, E14 9YY",E14 9YY,See source,"Request for an Environmental Impact Assessment (EIA) screening opinion for the proposed development of a new data centre facility (to be known as London South (LONS)) at the existing Global Switch campus at East India Dock House, 240 East India Dock Road, E14 (hereafter referred to as 'the proposed development').",https://www.planit.org.uk/planapplic/TowerHamlets/PA/21/00986/NC/
Bristol,Full,Conditions,2021-05-05,2021-10-12,Former Drive Vauxhall And Kawasaki Sites Avon Street Bristol BS2 0PX,BS2 0PX,See source,"Change of use of car showroom and repairs workshop (Sui Generis) to flexible use as research & development, offices (Class E(g)) and educational facility (Class F1(a)), together with external alterations to building elevations and roof, installation of a data centre in northern yard, parking and associated works. Temporary development of site cabins in service yard to house offices during set up of proposed data centre. Demolition of modern car showroom /workshop fronting Avon Street and modern additions and lean-to structures in service yard.",https://www.planit.org.uk/planapplic/Bristol/21/02496/F/
Tower Hamlets,Outline,Permitted,2021-06-07,2021-07-07,"3 - 7 Clove Crescent, London E14 2BG (Republic Phase 2 Project, East India Dock)",E14 2BG,See source,"Request for an Environmental Impact Assessment (EIA) Scoping Opinion under Regulation 15 of the Town and Country Planning (Environmental Impact Assessment) Regulations 2017 (as amended), in respect of the removal of any remaining structures and clearance of the site, followed by construction of four buildings comprising three tall building, approximately 69m, 103m and 113m above ordnance datum ('AOD')) in height with a small single storey studio office building and community pavilion. The Proposed Development comprises a residential scheme comprising up to approximately 170 units including residential amenity spaces, and approximately 700 student rooms, and a data centre.",https://www.planit.org.uk/planapplic/TowerHamlets/PA/21/01304/NC/
Islington,Full,Conditions,2021-06-16,2022-02-25,"21-27 Tabernacle Street, London, EC2A 4DE",EC2A 4DE,See source,"Change of use of parts lower ground, ground, first and second floor levels from data centre (Sui Generis) to office (Use Class E).",https://www.planit.org.uk/planapplic/Islington/P2021/1761/FUL/
Brighton,Full,Permitted,2021-07-05,2021-10-04,Withdean Sports Complex Tongdean Lane Brighton BN1 5JD,BN1 5JD,See source,"Erection of single storey cabin on concrete hardstanding, installation of 5no air conditioning units with separate generator and meter cabinet used as a Data Centre (B8). Erection of 2.4 metre high mesh fence, relocation of existing lamp post, CCTV camera and cycle bars. Construction of access ramp from north boundary.",https://www.planit.org.uk/planapplic/Brighton/BH2021/02463/
Luton,Full,Withdrawn,2021-07-06,2021-08-27,Lewsey Park Recreation Ground Pastures Way Luton LU4 0PF,LU4 0PF,,Conversion and change of use from artificial football pitch (Class D2) to two datacentre cabins (Use Class B8 - Storage and Distribution) with associated fencing and access and provision of two generators at the north and south elevations.,https://www.planit.org.uk/planapplic/Luton/21/00952/FUL/
Chiltern South Bucks,Outline,Permitted,2021-07-29,2021-10-14,Woodlands Park Palmers Moor Lane Iver Buckinghamshire,,See source,"EIA request for a formal Screening Opinion under Regulation 6 of the Town and Country Planning (Environmental Impact Assessment) Regulations 2017 (EIA Regulations) in respect of the creation of 3 new data centre warehouse buildings (Class B), emergency generators, sub-station, landscaping, associated access and infrastructure works",https://www.planit.org.uk/planapplic/ChilternSouthBucks/PL/21/3140/EIASR/
Hastings,Full,Permitted,2021-08-16,2022-01-27,"Horntye Park Sports Complex, Horntye Park, Hastings, TN34 1EX",TN34 1EX,,"Change of use and creation of two datacentre cabins (Use Class B8 - Storage and Distribution) with associated fencing and parking. Provision of two generators at the west, south and east elevations and a meter cabinet.",https://www.planit.org.uk/planapplic/Hastings/HS/FA/21/00792/
Stockton-on-Tees,Full,Conditions,2021-08-19,2021-11-19,North Of The Grangefield Academy Oxbridge Avenue Stockton-On-Tees TS18 4LD,TS18 4LD,See source,"Creation of new Fibre Broadband Exchange (Use Class B8 Use) comprising 2no data centre cabins, 10no air conditioning units, 2no separate generators and a meter cabinet and associated access and erection of 2.4 metre high palisade fence.",https://www.planit.org.uk/planapplic/Stockton/21/2205/FUL/
Kettering,Full,Permitted,2021-08-26,2021-11-09,"Cunliffe Drive (land at), Kettering, NN16 9HU",NN16 9HU,See source,Change of use and creation of two datacentre cabins (Use Class B8 – Storage and Distribution) with associated fencing and access and provision of two generators at the north and south elevations,https://www.planit.org.uk/planapplic/Kettering/NK/2021/0690/
Islington,Full,Conditions,2021-09-01,2021-12-20,"138-140 Basement, Old Street, London, EC1V 9BJ",EC1V 9BJ,See source,"Proposed change of use of basement from Office (Class E) to Data Centre (Sui Generis), plus installation and adaptation of rooftop plant, plus all associated works and operations.",https://www.planit.org.uk/planapplic/Islington/P2021/2555/FUL/
Doncaster,Amendment,Withdrawn,2021-09-14,2022-01-25,DB Schenker Lakeside Business Park Carolina Way Lakeside Doncaster DN4 5PN,DN4 5PN,See source,Change of use for part of the site (previously used as a data centre) to be changed to sui generis for car showroom and repairs,https://www.planit.org.uk/planapplic/Doncaster/21/02822/COU/
Nottingham,Full,Conditions,2021-09-16,2022-03-22,Land East Of Forum Road Gala Way Nottingham,,See source,Change of use and creation of two datacentre cabins with associated fencing and access. Provision of two generators at the east and west elevations.,https://www.planit.org.uk/planapplic/Nottingham/21/02050/PFUL3/
Old Oak Park Royal,Outline,Permitted,2021-09-17,2021-10-07,"Frogmore Industrial Estate, -, Frogmore Industrial Estate, Acton Lane, LONDON, NW10 7NQ",NW10 7NQ,See source,Request for an Environmental Impact Assessment Screening Opinion in accordance with Regulation 6(1) of the Town and Country Planning (Environmental Impact Assessment) (England) Regulations 2017 (as amended) in association with the redevelopment of the site for a data centre use.,https://www.planit.org.uk/planapplic/OldOakParkRoyal/21/0157/SCROPDC/
Halton,Full,Withdrawn,2021-09-20,2021-11-23,65 Lugsdale Road Widnes Cheshire WA8 6DA,WA8 6DA,See source,Proposed development consisting of two datacentre cabins (Use Class B8 - Storage and Distribution) together with the provision of two generators to the south-east and north-west elevations and ancillary development at,https://www.planit.org.uk/planapplic/Halton/21/00626/FUL/
Hillingdon,Full,Permitted,2021-09-24,2021-10-29,LAND AT TUDOR WORKS BEACONSFIELD ROAD HAYES UB4 0SL,UB4 0SL,,"Demolition of the Trinity Data Centre and Tudor Works industrial units and offices, site clearance and associated works (Prior Notification under Schedule 2, Part 11, Class B The Town and Country Planning (General Permitted Development) (England) Order 2015 (as amended)).",https://www.planit.org.uk/planapplic/Hillingdon/38421/APP/2021/3613/
Harlow,,Permitted,2021-10-01,2021-11-03,South Redevelopment Site Harlow Campus London Road Harlow Essex,,,"Four new data centres and security gatehouse with associated highways infrastructure, plant, landscaping works, parking and engineering operations (amendments to approved scheme ref: HW/LDO/16/00243)",https://www.planit.org.uk/planapplic/Harlow/HW/LDOC/21/00579/
Sunderland,Full,Permitted,2021-10-07,2021-12-02,Land At Vigo Lane Vigo Lane Washington,,See source,"Provision of two s/s data cabins, 6 no. external air conditioning units , 2 no. generators and a meter cabinet with a 2.4m high palisade perimeter compound fence , crash barriers and hardstand access track to Vigo Road to facilitate use as a data centre (Use Class B8).",https://www.planit.org.uk/planapplic/Sunderland/21/02374/FU4/
Sheffield,Full,Permitted,2021-10-07,2022-03-29,500 Queens Road Highfield Sheffield S2 4DT,S2 4DT,See source,Erection of 2x data centre cabins with associated fencing and access and provision of two generators at the north and south-east elevations,https://www.planit.org.uk/planapplic/Sheffield/21/04359/FUL/
Greenwich,Outline,Permitted,2021-10-12,2021-12-03,"Mulberry Place Town Hall, 5 Clove Crescent, And Lighterman House, 3 Clove Crescent, London, E14 2BG (Republic Masterplan Site)",E14 2BG,See source,"A hybrid planning application for: Detailed planning application for works to include: Demolition of existing buildings and structures and the phased erection of buildings, comprising: Residential Build to Rent Homes (Use Class C3); Student Accommodation and ancillary facilities (Sui Generis); Flexible Commercial Floorspace (Use Class E); Alterations to the Listed Dock Wall and Dock Gardens to provide new pedestrian connections and improved access; Alterations to the existing access road; Associated improvements to streets, open spaces, landscaping and public realm; and Provision of car and bicycle parking spaces and servicing spaces and other works incidental to the proposed development. For the purposes of consultation - The Detailed Phase of the application will include buildings of 30 storeys (102.3 AOD) and 36 storeys (113.7 AOD) delivering 169 Homes and 716 Student Bedrooms. Outline planning application (all matters reserved) for the balance of the site for: Demolition of existing buildings and structures; The phased erection of buildings for use as a Data Centre (Use Class B8), Flexible Creative Workspace (Use Class E(g)), Community Space (Class F2), and/or a Swimming Pool (Class F2); and associated infrastructure; streets, open spaces, landscaping and public realm; car and bicycle parking spaces and servicing spaces; Utilities including electricity substations; and other works incidental to the proposed development. This application is accompanied by an Environmental Statement.",https://www.planit.org.uk/planapplic/Greenwich/21/3671/K/
Ealing,Outline,Rejected,2021-11-11,2021-12-01,"LAND AT TUDOR WORKS, BEACONSFIELD ROAD HAYES",,See source,"Redevelopment of the site to deliver data centre campus including: two data centre buildings; associated energy and electricity infrastructure, buildings, and plant; security gatehouse, systems and enclosures; works to the highway, car parking and cycle parking; hard and soft landscaping; as well as associated infrastructure, ancillary office use, and associated external (LONDON BOROUGH OF HILLINGDON)",https://www.planit.org.uk/planapplic/Ealing/216506CONS/
Chiltern South Bucks,Outline,Rejected,2021-11-15,2022-09-02,Woodlands Park Landfill Site Land South Of Slough Road Iver Buckinghamshire,,See source,"Outline planning application with all matters reserved except for principal points of access for the redevelopment of the former landfill site to comprise a data centre development (B8 (Data Centre)) of up to 163,000 sqm (GEA) delivered across 3 buildings. The scheme includes site wide landscaping and the creation of Parkland. The data centre buildings include ancillary offices, internal plant and equipment and emergency back-up generators and associated fuel storage. The development may also include cycle and car parking, internal circulation routes, soft and hard landscaping, security perimeter fence, lighting, earthworks, District Heating Network, sustainable drainage systems, ancillary infrastructure and a substation",https://www.planit.org.uk/planapplic/ChilternSouthBucks/PL/21/4429/OA/
Ealing,Outline,Withdrawn,2021-11-25,2021-12-06,LAND AT TUDOR WORKS BEACONSFIELD ROAD HAYES TOWNFIELD,,See source,"Formal Description: Redevelopment of the site to deliver data centre campus including: two data centre buildings (Use Class B8); associated energy and electricity infrastructure, buildings, and plant; security gatehouse, systems and enclosures; works to the highway, car parking and cycle parking; hard and soft landscaping; as well as associated infrastructure, ancillary office use, and associated external works.(Out of Borough Consultation LONDON BOROUGH OF HILLINGDON)",https://www.planit.org.uk/planapplic/Ealing/216742CONS/
Hillingdon,Full,Rejected,2021-12-02,2022-03-09,BUCKINGHAMSHIRE COUNTY COUNCIL OUTBOROUGH MIDDLESEX,,,"Out of borough consultation for Buckinghamshire County Council: Outline planning application with all matters reserved except for principal points of access for the redevelopment of the former landfill site to comprise a data centre development (B8 (Data Centre)) of up to 163,000 sqm (GEA) delivered across 3 buildings. The scheme includes site wide landscaping and the creation of Parkland. The data centre buildings include ancillary offices, internal plant and equipment and emergency back-up generators and associated fuel storage. The development may also include cycle and car parking, internal circulation routes, soft and hard landscaping, security perimeter fence, lighting, earthworks, District Heating Network, sustainable drainage systems, ancillary infrastructure and a substation",https://www.planit.org.uk/planapplic/Hillingdon/39707/APP/2021/4456/
York,Full,Permitted,2021-12-14,2022-03-04,TSYS Fulford Moor House 230 Fulford Road York YO10 4EY,YO10 4EY,See source,"Erection of temporary, prefabricated single storey modular data centre with associated AC unit in courtyard of Fulford Moor House",https://www.planit.org.uk/planapplic/York/21/02709/FUL/
Brent,,Permitted,2021-12-15,2022-02-03,"2021, Observation Applications, Not in Brent",,See source,"Location: Frogmore Industrial Estate, Acton Lane, LONDON, NW10 7NQ Proposal: Outline planning application (all matters reserved) for demolition and redevelopment to provide a data centre (Use Class B8) of up to 35,000sqm with ancillary offices, internal plant and equipment (including flues), and substation; up to 1,000sqm of work units and café/coffee shop (Use Class E(a/b), E(g)(ii) & E(g)(iii), B2); car parking; provision of external plant and equipment (including flues); creation of servicing areas and provision of associated services, including waste, refuse, cycle storage, and lighting; and for the laying out of the buildings, routes and open spaces within the development; and all associated works and operations including but not limited to: demolition; earthworks; provision of attenuation infrastructure, engineering operations. Ref: 21/0182/OUTOPDC",https://www.planit.org.uk/planapplic/Brent/21/4578/
Charnwood,Full,Permitted,2022-01-07,2022-03-18,Whitworth Tower Elvyn Way Loughborough University Loughborough LE11 3UA,LE11 3UA,See source,Erection of energy and data centre with associated landscaping and ancillary works.,https://www.planit.org.uk/planapplic/Charnwood/P/22/0023/2/
Tower Hamlets,Full,Permitted,2022-01-13,2023-11-20,"East India Dock House, 240 East India Dock Road, London",,See source,"Erection of a data centre (Use Class B8) adjacent to East India Dock House with a connecting bridge over Nutmeg Lane to the existing London East building and other associated works including landscaping, car and cycle parking, refuse storage and lighting.",https://www.planit.org.uk/planapplic/TowerHamlets/PA/21/02777/A1/
Glamorgan,Outline,Withdrawn,2022-01-14,2022-02-24,"Land North of Ffordd Bro Tathan, Bro Tathan, St. Athan",,See source,"Environmental Impact Assessment - Request for screening and scoping opinion. Planning application for phased redevelopment of land for a data centre with ancillary office and storage areas; comprising erection of new buildings (max floorspace circa 83000 sqm gia); parking, delivery/servicing areas and substation, drainage, access works and all associated building and engineering works",https://www.planit.org.uk/planapplic/Glamorgan/2022/00084/SC2/
East Riding,Outline,Permitted,2022-01-28,2022-11-08,Yorkshire Energy Park Land North West Of Kingstown Hotel Hull Road Hedon East Riding Of Yorkshire,,See source,"Erection of an Energy Centre, a Data Centre and associated infrastructure following Outline Permission 17/01673/STOUTE as amended by 22/01591/STVARE(Appearance, Landscaping, Layout and Scale to be considered)",https://www.planit.org.uk/planapplic/EastRiding/22/00301/STREME/
Wigan,Full,Conditions,2022-01-31,2022-12-08,Go Outdoors Car Park 95 Wallgate Wigan WN3 4EB,WN3 4EB,,"To locate two No datacentre cabins under Use Class B8 (Storage and Distribution), with associated fencing, access, and provision of two No generators.",https://www.planit.org.uk/planapplic/Wigan/A/22/93192/FULL/
Manchester,Full,Permitted,2022-02-04,2022-04-26,Simon House Brownley Road Manchester M22 5RA,M22 5RA,See source,"Change of Use from E1 (Commercial) to Sui Generis (Mixed Use - Data Centre and Offices) and the siting of a new substation within GRP hut, and the installation of electrical transformer, fuel cell, air condensing units and generator",https://www.planit.org.uk/planapplic/Manchester/132638/FO/2022/
Hillingdon,Full,Permitted,2022-02-10,2022-12-20,UNIT D PROLOGIS PARK STOCKLEY ROAD WEST DRAYTON UB7 9FN,UB7 9FN,,"Installation of plant and equipment to unit DC6 including external plant equipment, external louvres and associated security fencing and landscaping, to facilitate use of the building as a data centre.",https://www.planit.org.uk/planapplic/Hillingdon/18399/APP/2022/411/
Warrington,Full,Permitted,2022-02-18,2022-06-15,"Street Record Wilson Street, Bewsey And Whitecross, Warrington,",WA5 0NE,See source,Change of use and creation of two datacentre cabins (Use Class B8  Storage and Distribution) with associated access and fencing,https://www.planit.org.uk/planapplic/Warrington/2022/41013/
Chiltern South Bucks,Outline,Undecided,2022-02-25,,Wexham Springs Framewood Road Wexham Buckinghamshire SL3 6PJ,SL3 6PJ,See source,EIA request for a formal Screening Opinion under Regulation 6 of the Town and Country Planning (Environmental Impact Assessment) Regulations 2017 (EIA Regulations) with regard to proposed data centre development at Wexham Springs,https://www.planit.org.uk/planapplic/ChilternSouthBucks/PL/22/0728/EIASR/
Wellingborough,Full,Permitted,2022-03-07,2022-05-05,Car Park Adjacent Midland Business Units 1 And 2 Finedon Road Wellingborough NN8 4AD,NN8 4AD,See source,"Change of use of an existing car park and creation of two datacentre cabins (Use Class B8 Storage and Distribution) with associated 2.4 metre high pallisade fencing, access, and provision of two generators",https://www.planit.org.uk/planapplic/Wellingborough/NW/22/00153/FUL/
Sheffield,Full,Rejected,2022-03-08,2022-09-06,St Anthonys Church Sandby Drive Sheffield S14 1DF,S14 1DF,See source,Erection of 2x datacentre cabins (Use Class B8) and formation of new vehicular access from Raeburn Road and a 2.4m high fencing,https://www.planit.org.uk/planapplic/Sheffield/22/00975/FUL/
Wiltshire,Full,Conditions,2022-03-08,2023-09-14,"Hawthorn Works, Westwells Road, Corsham , SN13 9RD",SN13 9RD,,"Erection of a new data centre, plant, highways works, vehicle access, infrastructure, enclosures, landscaping and other associated works",https://www.planit.org.uk/planapplic/Wiltshire/PL/2022/01975/
East Hertfordshire,Full,Conditions,2022-03-28,2022-06-15,Glaxosmithkline Services Ltd 45 Priory Street Ware Hertfordshire SG12 0DJ,SG12 0DJ,See source,Erection of data centre building.,https://www.planit.org.uk/planapplic/EastHertfordshire/3/22/0670/FUL/
Old Oak Park Royal,Full,Permitted,2022-03-29,2023-11-10,"Renault London West, Site Of Renault Retail Group Ltd, -, Western Avenue, LONDON, W3 0RZ",W3 0RZ,See source,"Demolition of all existing buildings and redevelopment of the site to provide a data centre (Use Class B8) with associated energy and electrical infrastructure, visitor reception building, security gatehouse, plant, boundary enclosures, car and cycle parking, hard and soft landscaping; and associated alterations to vehicular access arrangements including creation of new access from Concord Road and new access from Western Avenue service road; and associated external works.",https://www.planit.org.uk/planapplic/OldOakParkRoyal/22/0059/FUMOPDC/
Redcar and Cleveland,Full,Permitted,2022-04-12,2022-06-08,LAND WEST OF LIMERICK ROAD REDCAR,,See source,"CREATION OF TWO DATACENTRE CABINS (USE CLASS B8) WITH ASSOCIATED FENCING, ACCESS, AND PROVISION OF TWO GENERATORS",https://www.planit.org.uk/planapplic/Redcar/R/2022/0351/FF/
Fylde,Full,Permitted,2022-04-12,2023-08-18,LAND NORTH OF PLUMPTON CLOSE WESTBY WITH PLUMPTONS LANCASHIRE,,See source,"CHANGE OF USE OF LAND FOR SITING OF TWO DATACENTRE CABINS WITH ASSOCIATED FACILITIES INCLUDING TWO GENERATORS, A 2.4M HIGH MESH FENCE TO SITE PERIMETER AND VEHICULAR ACCESS FROM PLUMPTON CLOSE.",https://www.planit.org.uk/planapplic/Fylde/22/0330/
Peterborough,Full,Permitted,2022-04-20,2022-12-22,Land To The North Of Lloyds TSB Stirling Way Bretton Peterborough,,See source,"Erection of data centre (B8) with ancillary office space (Use Class E(g)(i)), associated groundworks, utilities, infrastructure, car parking, landscaping and access from Stirling Way",https://www.planit.org.uk/planapplic/Peterborough/22/00531/FUL/
Mid Kent,Full,Permitted,2022-04-21,2022-06-30,Allington Community Centre Castle Road Maidstone Kent ME16 0PZ,ME16 0PZ,See source,"Change of use and creation of two data centre cabins (Use Class B8 Storage and Distribution) with associated fencing, access, and provision of two generators. Relocation of two shipping containers and extension to main car park to provide nine parking spaces and installation of 14 collapsible bollards.",https://www.planit.org.uk/planapplic/MidKent/22/501381/FULL/
Brent,,Permitted,2022-04-25,2022-05-17,"2022, Observation Applications, Not in Brent",,See source,"Location: Site Of Renault Retail Group Ltd, Western Avenue/Concord Road, London, W3 0RZ Proposal: Demolition of all existing buildings and redevelopment of the site to provide a 38,495m data centre (Use Class B8) with associated energy and electrical infrastructure comprising two main linked buildings (up to 8 storeys and 44m in height), visitor reception building, security gatehouse, plant, boundary enclosures, car and cycle parking, hard and soft landscaping; and associated alterations to vehicular access arrangements including creation of new access from Concord Road and new access from Western Avenue service road; and associated external works. Ref: 22/0059/FUMOPDC",https://www.planit.org.uk/planapplic/Brent/22/1495/
Sheffield,Amendment,Permitted,2022-04-27,2022-06-17,Trustmarque Solutions Limited 3 President Way Sheffield S4 7UR,S4 7UR,See source,Change of use of data centre (Use Class B8) to a use comprising Use Class E(g)(iii) and/or Use Class B2 and/or Use Class B8 (Amended description),https://www.planit.org.uk/planapplic/Sheffield/22/01645/CHU/
Salford,Full,Permitted,2022-05-10,2022-12-08,"Broadway House, Columbus Way, Salford, M50 1UU",M50 1UU,See source,"Full planning permission for the demolition of Broadway House, site clearance works and the development of two Data Centre (Sui Generis) buildings and substation, with associated infrastructure, access, landscaping, servicing and parking.",https://www.planit.org.uk/planapplic/Salford/22/79882/FUL/
Slough,Full,Conditions,2022-05-12,2024-07-03,"Land at Thorney Business Park, Thorney Lane, Iver, SL0 9HF",SL0 9HF,See source,"Full planning permission for new emergency access route to via Hollow Hill Lane, landscaping, boundary treatment, access gates, and drainage, all to form part of the cross boundary application (ref. PL/22/1775/FA) with Buckinghamshire Council for: Hybrid planning application to be delivered in phases and to comprise: 1. Demolition of existing buildings and structures and preparatory works; 2. Detailed planning application for the construction of a commercial building to comprise data centre use. To include ancillary offices, associated plant, equipment and emergency back-up generators and associated fuel storage, landscaping, sustainable drainage systems, parking, a new vehicular access from Thorney Lane South and a new emergency access route to Hollow Hill Lane; and 3. Outline planning application (all matters reserved except for access), to be implemented in phases, for the construction of commercial buildings to comprise data centre use (including ancillary office space and associated plant, equipment and back-up generation); car parking, landscaping and pedestrian access.",https://www.planit.org.uk/planapplic/Slough/P/19953/000/
Chiltern South Bucks,Outline,Undecided,2022-05-12,,Thorney Business Park Thorney Lane Iver SL0 9HE,SL0 9HE,See source,"EIA request for a formal Screening Opinion under Regulation 6 of the Town and Country Planning (Environmental Impact Assessment) Regulations 2017 (EIA Regulations) in respect of erection of data centre, new access road to Thorney Business Park, new estate road to remaining industrial site, pedestrian route and cycleway, new landscaping, associated groundworks, drainage, services, lighting and removal of existing access road.",https://www.planit.org.uk/planapplic/ChilternSouthBucks/PL/22/1742/EIASR/
Hart,Full,Permitted,2022-05-18,2023-01-13,Cody Technology Park Ively Road Farnborough Hampshire GU14 0LX,GU14 0LX,See source,Erection of two storey data centre and plant enclosure on existing car park,https://www.planit.org.uk/planapplic/Hart/22/01088/FUL/
Chiltern South Bucks,Outline,Undecided,2022-05-27,,Dromenagh Farm Sevenhills Road Iver Heath Buckinghamshire SL0 0PA,SL0 0PA,See source,"EIA request for a formal Screening Opinion under Regulation 6(1) of the Town and Country Planning (Environmental Impact Assessment) Regulations 2017 (EIA Regulations) in respect of a hyperscale data centre, associated training facility, new landscaping, planting and publicly accessible open space",https://www.planit.org.uk/planapplic/ChilternSouthBucks/PL/22/2399/EIASR/
Tower Hamlets,Full,Permitted,2022-05-31,2023-01-13,"1 Paul Julius Close, London, E14 2EH",E14 2EH,See source,Refurbishment of existing data centre facility; replacement roof-top plant; new facade treatment; new security gatehouse; alterations to existing SSB building; associated landscaping and ancillary works.,https://www.planit.org.uk/planapplic/TowerHamlets/PA/22/01023/NC/
Old Oak Park Royal,,Permitted,2022-06-15,2022-06-22,"Powergate Business Park, Unit 2, Volt Avenue, Park Royal, NW10 6PW",NW10 6PW,See source,"Construction of a three storey, low voltage (LV) plant building to house transformers and associated electrical plant, and a prefabricated swing transformer enclosure to a redundant electrical transformer and switchgear. Both structures will be located in the plant compound area immediately adjacent to north end of the existing Powergate Business Park Unit 2 data centre building, known as Equinix LD9.",https://www.planit.org.uk/planapplic/OldOakParkRoyal/22/0093/DELEAL/
Central Bedfordshire,Full,Undecided,2022-06-23,,"Building 49, Cranfield University, College Road, Bedford, MK43 0ST",MK43 0ST,,Change of Use from Bank (class E) to University Data Centre (Class F1(a)). Erection of plant compound. Increase building height and ancillary works.,https://www.planit.org.uk/planapplic/CentralBedfordshire/CB/22/02573/FULL/
Chiltern South Bucks,Full,Undecided,2022-06-28,,Thorney Business Park Thorney Lane North Iver Buckinghamshire,,See source,"Hybrid application to be delivered in phases and to comprise: demolition of existing buildings and structures and preparatory works; detailed application for construction of commercial building to comprise data centre, ancillary offices, associated plant, equipment and emergency backup generators and associated fuel storage, landscaping, sustainable drainage systems, parking, new vehicular access from Thorney Lane South and new emergency access route to Hollow Hill Lane; outline planning application (all matters reserved except for access) for construction of commercial buildings to comprise data centre use including ancillary office space and associated plant, equipment and backup generation, car parking, landscaping and pedestrian access",https://www.planit.org.uk/planapplic/ChilternSouthBucks/PL/22/1775/FA/
South Gloucestershire,Full,Conditions,2022-07-25,2023-01-25,700 Waterside Drive Aztec West Almondsbury South Gloucestershire BS32 4ST,BS32 4ST,See source,Erection of Development of Data Centre building with associated infrastructure.,https://www.planit.org.uk/planapplic/SouthGloucestershire/P22/04138/F/
Vale of White Horse,Outline,Permitted,2022-07-27,2025-07-14,"Land at former Didcot A Power Station, Didcot, OX11 7HA",OX11 7HA,See source,"Hybrid application comprising: 1. Outline planning permission for the erection of up to 197,000m2 Use Class B8 data centre development with ancillary Use Class E office space, together with associated groundworks, utilities, infrastructure, engineering and enabling works. Matters relating to appearance, landscaping, drainage, layout and scale of the development areas reserved for subsequent approval; and 2. Full planning permission for the construction of new and improved site access, new access roads, hard & soft landscaping, creation of SUDS and all associated infrastructure and engineering works. (as amended by information and plans received 12 May 2023, 17 November 2023 and 11 July 2024).",https://www.planit.org.uk/planapplic/WhiteHorse/P22/V1857/O/
Camden,Full,Conditions,2022-08-17,2024-02-07,1-19 Torrington Place London WC1E 7HB,WC1E 7HB,See source,"Temporary change of use for a period of up to 10 years for flexible office E(g)(i) and education F1(a) (excluding retail and other commercial units on Tottenham Court Road frontage, the data centre at basement and part ground floor levels and the UKPN substation).",https://www.planit.org.uk/planapplic/Camden/2022/3535/P/
Slough,Outline,Permitted,2022-08-19,2022-10-14,"LD14, Slough Trading Estate, Slough, SL1 4LH",SL1 4LH,See source,"Environmental Impact Assessment (EIA) Screening Opinion request for erection of Use Class B8 data centre with ancillary Use Class E office space together with hard and soft landscaping, utilities, car parking and associated site clearance, demolition, engineering, ground works, infrastructure and site access via Dundee Road and Oxford Avenue",https://www.planit.org.uk/planapplic/Slough/P/20054/000/
Newport,Conditions,Permitted,2022-08-19,2022-10-20,Cwl13 Vantage Data Centers North Lake Drive Celtic Lakes Newport NP10 8BE,NP10 8BE,See source,PARTIAL DISCHARGE OF CONDITION 19B (CONTAMINATION REPORT) RELATING TO PLANNING PERMISSION 21/0756 FOR THE ERECTION OF 2 TWO STOREY DATA CENTRE BUILDINGS,https://www.planit.org.uk/planapplic/Newport/22/0808/
Chiltern South Bucks,Outline,Permitted,2022-09-03,2023-08-17,Court Lane Industrial Estate Court Lane Iver Buckinghamshire,,See source,EIA request for a formal Screening Opinion under Regulation 6 of the Environmental Impact Assessment Regulations 2017 in respect of the proposed development of a data centre,https://www.planit.org.uk/planapplic/ChilternSouthBucks/PL/22/3221/EIASR/
Ealing,Full,Conditions,2022-09-14,2023-01-26,Units 9-12 Powergate Business Park Volt Avenue Park Royal London NW10 6PW,NW10 6PW,See source,"Provision of external tanks and pump rooms, new external pipe runs and new louvres to existing windows to east elevation; all works ancillary to operation of existing Data Centre (Retrospective Application)",https://www.planit.org.uk/planapplic/Ealing/224110OPDFUL/
Newham,Outline,Withdrawn,2022-10-18,2022-11-25,EMR Site Bidder Street Canning Town London E16 4ST,E16 4ST,,"Request for a formal Scoping Opinion in accordance with Regulation 15 of The Town and Country Planning (Environmental Impact Assessment) (England) Regulations 2017 (as amended) for the proposed new data centre development at the site of EMR, Bidder Street.",https://www.planit.org.uk/planapplic/Newham/22/02442/SCOPE/
Ealing,Outline,Permitted,2022-10-19,2022-11-08,Chandos Road Trading Estate Chandos Road Park Royal Ealing NW10 6NF,NW10 6NF,,Works of hard and soft landscaping and the erection of a perimeter fence in connection with the redevelopment of the wider Chandos Road Trading Estate as a data centre.,https://www.planit.org.uk/planapplic/Ealing/224499OPDCOB/
Hillingdon,Full,Rejected,2022-10-24,2023-02-22,Woodlands Park Landfill Site Land South Of Slough Road Iver Buckinghamshire,,,"Out of borough consultation for Buckinghamshire County Council: Outline planning application with all matters reserved except for principal points of access for the redevelopment of the former landfill site to comprise a data centre development (Use Class B8 (Data Centre)) of up to 163,000 sq.m (GEA) delivered across 3 buildings to include ancillary offices, internal plant and equipment and emergency back-up generators and associated fuel storage. The scheme includes site wide landscaping and the creation of parkland, and may also include cycle and car parking, internal circulation routes, soft and hard landscaping, security perimeter fence, lighting, earthworks, District Heating Network, sustainable drainage systems, ancillary infrastructure and a substation.",https://www.planit.org.uk/planapplic/Hillingdon/39707/APP/2022/3243/
South Norfolk Broadland,Full,Conditions,2022-11-28,2023-01-19,Hellesdon Hospital Drayton High Road Norwich NR6 5BE,NR6 5BE,See source,Proposed new data centre with mono-pitch roof,https://www.planit.org.uk/planapplic/SouthNorfolkBroadland/20221895/
Brent,Full,Permitted,2022-12-13,2024-03-01,"JVC Business Park & JVC House, Priestley Way and 717, 719 & 721 North Circular Road, Neasden, London, NW2",,See source,"Full planning application for the proposed development to extend the existing data centre on land to the north of the North Circular Road, incorporating 717 to 721 North Circular Road, including additional land to the rear, subject to Deed of Agreement dated 29th February 2024 under Section 106 of Town and Country Planning Act, 1990, as amended.",https://www.planit.org.uk/planapplic/Brent/22/4185/
St Albans,Full,Undecided,2022-12-15,,Units 4 To 5 Riverside Industrial Estate London Colney Bypass London Colney Hertfordshire Al2 1Ay,AL2 1AY,See source,Outline application (access sought) for the demolition of existing buildings and the development of 7.57ha to provide flexible commercial/employment space falling within either Class B8 (Storage and Distribution) or a data centre and strategic landscaping,https://www.planit.org.uk/planapplic/StAlbans/5/2022/2966/
South Norfolk Broadland,Full,Conditions,2022-12-19,2023-04-21,1 Brook Road Thorpe St Andrew Norfolk NR7 0FD,NR7 0FD,See source,"Change of Use of the warehouse at Plot L1 from its approved use as a former data centre (Class B8) to a food processing, storage and distribution factory (Class B2) along with changes to the existing building, introduction of ingredient silos and other associated works",https://www.planit.org.uk/planapplic/SouthNorfolkBroadland/20222035/
New Forest (District),Full,Conditions,2023-01-05,2023-03-16,"UNITS 17-18, QUEENSWAY, NEW MILTON BH25 5NN",BH25 5NN,See source,"Side and rear extension to existing factory retention of roller shutter door to eastern elevation, retention of 'data centre' to car park; provision of flat roofed canopy to northern entrance",https://www.planit.org.uk/planapplic/NewForest/23/10015/
Barnet,Outline,Permitted,2023-01-06,2023-02-14,"JVC Business Park & JVC House, Priestley Way And 717, 719 & 721 North Circular Road London NW2",,,"Full planning application for the proposed development to extend the existing data centre on land to the north of the North Circular Road, incorporating 717 to 721 North Circular Road, including additional land to the rear",https://www.planit.org.uk/planapplic/Barnet/23/0068/NAC/
Kirklees,Full,Conditions,2023-02-08,2023-04-27,"Dewsbury And District Hospital, Halifax Road, Dewsbury, WF13 4HS",WF13 4HS,See source,Installation of new data centre container to serve the hospital site,https://www.planit.org.uk/planapplic/Kirklees/2023/90433/
Hounslow,Outline,Permitted,2023-02-27,2025-02-10,"FELTHAM CORPORATION CENTRE PLANE TREE CRESCENT, FELTHAM, TW13 7BZ",TW13 7BZ,See source,"Outline planning permission with the details of access, appearance, landscaping, layout and scale reserved for later determination. A demolition phase and phased redevelopment (each phase being an independent act of development) comprising data centre use (B8) of up to 46,750 sqm GEA, including ancillary offices, internal plant and equipment (including flues), and substation. In addition to the above the Development will include car parking; provision of external plant and equipment (including flues); creation of servicing areas and provision of associated services, including waste, refuse, cycle storage, and lighting; and for the laying out of the buildings; routes and open spaces within the development; and all associated works and operations including but not limited to: demolition; earthworks; provision of attenuation infrastructure, engineering operations. Development shall be in accordance with the approved Development Parameters Schedule and Plans.",https://www.planit.org.uk/planapplic/Hounslow/P/2023/0642/
Vale of White Horse,Outline,Permitted,2023-03-09,2023-03-16,"Wicklesham Quarry, Sands Hill, Faringdon, Oxon, SN7 7PQ",SN7 7PQ,See source,"Request for an EIA Screening Opinion in respect of a total of up to 42,286 sq m GIA of commercial floorspace for Use Classes E(g) i (offices); and/or, E(g)(ii) (research and development); and/or, E(g)(ii) (light industrial); and/ or B2 (general industrial); and/or B8 (storage and distribution) (including data centre); and ancillary uses.",https://www.planit.org.uk/planapplic/WhiteHorse/P23/V0588/SCR/
Brent,Full,Withdrawn,2023-03-17,2024-03-01,"JVC Business Park, Priestley Way, London, NW2 7BA",NW2 7BA,See source,Full planning application for a new road within the existing data centre facility,https://www.planit.org.uk/planapplic/Brent/23/0861/
Newham,Outline,Permitted,2023-03-23,2023-07-14,Land At Former Paint Factory And Central Thameside West North Woolwich Road Silvertown London E16 2AB,E16 2AB,,"Request for a Scoping Opinion in accordance with Regulation 15 of the Town and Country Planning (Environmental Impact Assessment)(England) Regulations 2017, proposed development of a data centre complex, an associated primary substation, site security, servicing facilities, a multi-use building, internal access roads, parking, landscaping, backup generators, and off-site connectivity to a power supply.",https://www.planit.org.uk/planapplic/Newham/23/00725/SCOPE/
Greenwich,Outline,Rejected,2023-04-13,2023-08-02,"Land At Former Paint Factory And Central Thameside West, North Woolwich Road, Silvertown, London, E16 2AB",E16 2AB,See source,"Request for a Scoping Opinion in accordance with Regulation 15 of the Town and Country Planning (Environmental Impact Assessment)(England) Regulations 2017, proposed development of a data centre complex, an associated primary substation, site security, servicing facilities, a multi-use building, internal access roads, parking, landscaping, backup generators, and off-site connectivity to a power supply.",https://www.planit.org.uk/planapplic/Greenwich/23/1266/K/
Bexley,Full,Conditions,2023-04-27,2023-10-02,Unit 8 Viking Way Erith Kent DA8 1EW,DA8 1EW,See source,"Installation of 8 new dry coolers, a generator, transformer, plant container and associated works and pond to the existing data centre.",https://www.planit.org.uk/planapplic/Bexley/23/00960/FUL/
Oldham,Full,Permitted,2023-05-12,2023-07-03,Royal Oldham Hospital Rochdale Road Oldham OL1 2JH,OL1 2JH,,Erection of a Modular Data Centre consisting of a 2-storey building with associated access and service yard for a temporary period of up to five years.,https://www.planit.org.uk/planapplic/Oldham/FUL/350969/23/
Tower Hamlets,Full,Permitted,2023-05-23,2024-03-12,"Rear of, 8-9 Harbour Exchange Square, London, E14 9HF",E14 9HF,See source,"Provision of new SCR (Selective Catalytic Reduction) Units and DPF (Diesel Particulate Filter) Units to the existing stand-by generators serving the data centre elements of the building. Addition of SCR and DPF will improve emissions from the generators. These units are proposed to be housed within the existing in weatherproof enclosures on the existing plant deck behind Building 8-9, virtually completely concealed behind the existing plant louvre screen.",https://www.planit.org.uk/planapplic/TowerHamlets/PA/23/01021/NC/
Hertsmere,Outline,Permitted,2023-05-30,2023-06-13,Units 4 To 5 Riverside Industrial Estate London Colney Bypass London Colney Hertfordshire AL2 1AY,AL2 1AY,See source,"Outline application (access sought) for the demolition of existing buildings and the development of 7.57ha to provide flexible commercial/employment space falling within either Class B8 (Storage and Distribution) or a data centre and strategic landscaping with matters of access, layout, scale, appearance and other landscaping reserved. (Adjacent Authority application)",https://www.planit.org.uk/planapplic/Hertsmere/23/0796/ADJ/
Stockport,Outline,Permitted,2023-06-07,2023-06-29,Kenwood Point Kenwood Road Stockport SK5 6PH,SK5 6PH,See source,"Demolition and redevelopment of the existing industrial/warehouse and associated service yards and the erection of an approx 26,873sqm data centre alongside associated parking and servicing access",https://www.planit.org.uk/planapplic/Stockport/DC/088924/
Havering,Outline,Withdrawn,2023-06-19,2024-02-07,"Data Centre Fen Lane, opp Top Meadow Golf Course at Land at North Ockendon Havering",,,"Scoping Request under Regulations 6 and 15 (as amended by Regulation 32) of the Town and Country Planning (Environmental Impact Assessment) Regulations 2017 in respect of: Proposed development of up to 390,000 square metres of data centre floorspace (Class B8 use) and associated built development, electrical substations, distribution and infrastructure equipment, battery storage or grid balancing infrastructure, renewable energy technology and green energy production, together with indoor agriculture farming operations, green energy production, highways works, engineering works, hard and soft landscaping, and formation of associated parkland/enhanced biodiversity habitat and visitors centre at North Ockendon, Havering, Greater London",https://www.planit.org.uk/planapplic/Havering/Z0002.23/
Three Rivers,Outline,Rejected,2023-06-28,2024-01-23,Parcel Of Land North Of Mansion House Farm Bedmond Road Abbots Langley Hertfordshire,,See source,"Outline application: Demolition and clearance of existing buildings and hardstandings to allow for the construction of a data centre of up to 84,000 sqm (GEA) delivered across 2no. buildings, engineering operations and earthworks to create development platforms, site wide landscaping and the creation of a country park. The data centre buildings include ancillary offices, internal plant and equipment and emergency back-up generators. Other works include an ancillary innovation, education and training centre of up to 300 sqm, internal roads and footpaths, cycle and car parking, hard and soft landscaping, security perimeter fence, lighting, drainage, substation, and other associated works and infrastructure (all matters reserved).",https://www.planit.org.uk/planapplic/ThreeRivers/23/1068/OUT/
St Albans,Outline,Permitted,2023-07-02,2023-08-17,Parcel Of Land North Of Mansion House Farm Bedmond Road Abbots Langley Hertfordshire,,See source,"Consultation Only - Demolition and clearance of existing buildings and hardstandings to allow for the construction of a data centre of up to 84,000 sqm (GEA) delivered across 2no. buildings, engineering operations and earthworks to create development plat",https://www.planit.org.uk/planapplic/StAlbans/5/2023/1421/
Harlow,,Conditions,2023-07-05,2023-08-04,Proposed Powerrapid Data Centre Harlow Innovation Park Maypole Boulevard Harlow Innovation Park Harlow Essex,,,"LDO Compliance application Schedule A, Class E Condition G4 for Data Centre Development for Powerrapid Ltd",https://www.planit.org.uk/planapplic/Harlow/HW/LDOC/23/00271/
Warwick,Full,Undecided,2023-07-10,,"Warwick Hospital, Lakin Road, Warwick, CV34 5BW",CV34 5BW,See source,Erection of data centre and generator within Car Park C with associated works.,https://www.planit.org.uk/planapplic/Warwick/W/23/1025/
Glamorgan,Full,Permitted,2023-07-24,2024-06-14,"Land North of Ffordd Bro Tathan, St. Athan",,See source,"Demolition of existing buildings/structures and erection of a Class B8 data centre with all associated back-up generators, plant, equipment, sub-stations, accesses, parking and servicing areas, drainage and engineering works including services diversion/connection and regrading works",https://www.planit.org.uk/planapplic/Glamorgan/2023/00780/FUL/
Chiltern South Bucks,Outline,Undecided,2023-08-01,,Ridgeway Distribution Centre The Ridgeway Iver Buckinghamshire,,See source,EIA request for a formal Screening Opinion under Regulation 6 of the Town and Country Planning (Environmental Impact Assessment) Regulations 2017 (EIA Regulations) with regard to a proposed data centre development,https://www.planit.org.uk/planapplic/ChilternSouthBucks/PL/23/2521/EIASR/
Welwyn Hatfield,Full,Permitted,2023-08-04,2024-07-02,Hertfordshire Data Centre Mundells Welwyn Garden City AL7 1GE,AL7 1GE,See source,"Construction of a new Data Centre building with ancillary office space, provision of parking, vehicular circulation, sprinkler tanks, landscaping and other ancillary/associated works and the retention of 2 existing substations, following the demolition of the existing former, redundant, vacant Data Centre",https://www.planit.org.uk/planapplic/WelwynHatfield/6/2023/1618/MAJ/
Havering,Full,Conditions,2023-08-11,2023-10-06,"3 King George Close, Romford London RM7 7PN",RM7 7PN,,Change of use of building from manufacturing to plant and machinery facility ancillary to the main data centre use and associated external alterations.,https://www.planit.org.uk/planapplic/Havering/P1251.23/
Stevenage,Full,Permitted,2023-08-30,2023-10-17,Glaxo SmithKline Gunnels Wood Road Stevenage Herts SG1 2FX,SG1 2FX,See source,"Installation of new Data Centre security fence, external lighting, CCTV columns and associated works.",https://www.planit.org.uk/planapplic/Stevenage/23/00666/FP/
Tower Hamlets,,Permitted,2023-09-04,2023-09-25,"Land At Former Paint Factory And Central Thameside West, North Woolwich Road, Silvertown, London, E16 2AB",E16 2AB,See source,"Obsservation requested by London Borough of Newham for Submission of Hybrid planning application for a phased mixed-use redevelopment comprising up to 213,250sqm GEA: 1. Detailed component: a) Site wide enabling works relating to ground works, remediation, raising of site levels, utilities works, security fencing, new accesses to the public highway, an construction of a relocated access road serving Peruvian Wharf; and b) Construction of a 64,245 sqm GEA data centre building (including ancillary office space)(Use Class B8) of up to 63.760m AOD in height, a security gatehouse and sprinkler building; construction of a primary substation; public open space, utilities works, landscaping, security fencing, pedestrian and cycle route, construction of estate roads, cycleand car parking areas and associated access and public realm works. 2. Outline component (all matters reserved): development above raised ground levels to provide up to 142,170 sqm GEA of data centre floorspace (including ancillary office space) (Use Class B8) in two buildings of up to 65m AOD in height; construction of a 1,450 sqm GEA multi-function building of up to 15.5m AOD in height (Use Class E / F1); landscaping, utilities works, construction of estate roads, cycle and car parking areas and associated access. The application affects the setting of Listed Buildings/Structures. This is a Major Planning Application accompanied by an Environmental Statement for the purposes of Environmental Impact Assessment under the Town and Country Planning (Environmental Impact Assessment) Regulations 2017 (as amended).",https://www.planit.org.uk/planapplic/TowerHamlets/PA/23/01665/NC/
Greenwich,Full,Withdrawn,2023-09-13,2024-03-05,"ANCHORAGE POINT, 90 ANCHOR AND HOPE LANE, CHARLTON, SE7 7SQ",SE7 7SQ,See source,"Temporary planning permission is sought for a period of five (5) years for the change of use of an existing warehouse from a data centre (Use Class B8) to a laundry facility (Use Class B2) to include the removal of ventilation units, installation of a water storage unit, full refurbishment of the interior fit out, installation of new windows to northern facade for proposed office space, ventilation flues for boiler units and associated cycle parking",https://www.planit.org.uk/planapplic/Greenwich/23/2981/F/
Ealing,Outline,Permitted,2023-09-22,2023-10-16,Feltham Corporation Centre Plane Tree Crescent Feltham TW13 7BZ,TW13 7BZ,,"Proposal: Outline planning permission with the details of access, appearance, landscaping, layout and scale reserved for later determination. A demolition phase and phased redevelopment (each phase being an independent act of development) comprising data centre use (B8) of up to 46,750 sqm GEA, including ancillary offices, internal plant and equipment (including flues), and substation. In addition to the above the Development will include car parking; provision of external plant and equipment (including flues); creation of servicing areas and provision of associated services, including waste, refuse, cycle storage, and lighting; and for the laying out of the buildings; routes and open spaces within the development; and all associated works and operations including but not limited to: demolition; earthworks; provision of attenuation infrastructure, engineering operations. Development shall be in accordance with the approved Development Parameters Schedule and Plans. (Out of Borough Consultation by the London Borough of Hounlow)",https://www.planit.org.uk/planapplic/Ealing/233930CONS/
Slough,Outline,Permitted,2023-09-26,2023-11-17,"Land at the Former Akzonobel Decorative Paints, Wexham Road, Slough, SL2 5DS",SL2 5DS,See source,"Environmental Screening opinion for outline planning permission for the erection of up to 90,640 sqm of GEA data centre development (Sui Generis use), with ancillary office and plant, in addition to associated groundworks, utilities, infrastructure and engineering works. Means of access included, with matters relating to appearance, landscaping, drainage and layout of the development areas reserved for subsequent approval.",https://www.planit.org.uk/planapplic/Slough/P/17377/002/
Hammersmith and Fulham,,,2023-10-05,,Feltham Corporation Centre Plane Tree Crescent Feltham TW13 7HF,TW13 7HF,See source,"Outline planning permission with the details of access, appearance, landscaping, layout and scale reserved for later determination. A demolition phase and phased redevelopment each phase being an independent act of development comprising data centre use B8 of up to 46,750 sqm GEA, including ancillary offices, internal plant and equipment including flues, and substation. In addition to the above the Development will include car parking.provision of external plant and equipment including flues creation of servicing areas and provision of associated services, including waste, refuse, cycle storage, and lighting; and for the laying out of the buildings routes and open spaces within the development; and all associated works and operations including but not limited to: demolition; earthworks provision of attenuation infrastructure, engineering operations. Development shall be in accordance with the approved Development Parameters Schedule and Plans.",https://www.planit.org.uk/planapplic/Hammersmith/2023/02594/OBS/
Swindon,Full,Permitted,2023-11-09,2024-03-26,Swindon Technology Centre Hillmead Drive Hillmead Industrial Estate Swindon SN38 1BU,SN38 1BU,See source,"Erection of new and extension of existing plant areas to existing Datacentre building,",https://www.planit.org.uk/planapplic/Swindon/S/23/1422/
West Berkshire,Full,Permitted,2023-11-17,2024-03-06,Apollo House Newbury Business Park London Road Newbury RG14 2PZ,RG14 2PZ,See source,"Change of use of ground floor of building from office (Class E) to data centre (Class B8), external alterations to the building, creation of additional plant compounds, associated plan and additional 73sqm of floor space, installation of roof mounted photovoltaic panels, security fence, gates and ancillary works.",https://www.planit.org.uk/planapplic/WestBerkshire/23/02644/FUL/
Slough,Outline,Undecided,2023-11-17,,"188-216, Bath Road, Slough, SL1 3YD",SL1 3YD,See source,"EIA Screening Opinion – Outline planning application for the following two independent and severable acts of development: -Demolition of 188, 190 and 200 Bath Road and the construction of a Data Centre with ancillary office space, together with landscaping, boundary treatments, substation, plant enclosure and all associated and ancillary works. Retention and alteration of existing points of access and egress to Galvin Road. Retention of existing Bath Road access for emergency services. Provision of new cycle and vehicle parking, including electric vehicle parking. Details of access, appearance, landscaping, layout and scale all submitted for approval. -Demolition of 208, 210 and 216 Bath Road and the construction of a Data Centre with ancillary office space, together with landscaping, boundary treatments, substation, plant enclosure, new cycle and vehicle parking and all associated and ancillary works. Detailed approval is sought for the retention and alteration of existing access and egress to Galvin Road and the retention of existing Bath Road access for emergency services and access to substation only. Detail of pedestrian and cycle access reserved for subsequent approval. Appearance, landscaping, layout and scale also reserved for subsequent approval.",https://www.planit.org.uk/planapplic/Slough/P/20367/000/
Basildon,Outline,Withdrawn,2023-12-13,2024-01-12,Land Junction With Old Nevendon Road Wickford Essex,,See source,"EIA Screening Opinion Request for a new data centre, together with supporting infrastructure including substation, energy centre, security gatehouse, access road, car parking, cycle parking, service yard and loading facilities, hard and soft landscaping, internal and external plant, emergency back-up generators, fuel storage, creation of public open space, and associated works.",https://www.planit.org.uk/planapplic/Basildon/23/01552/SCREEN/
Newport,Full,Conditions,2024-01-03,2024-07-03,Quinn Radiators Celtic Way Celtic Lakes Newport NP10 8FS,NP10 8FS,See source,DEMOLITION OF REMAINDER OF EXISTING PRINCIPAL BUILDING AND REMAINING STRUCTURES AND CONSTRUCTION OF NEW DATACENTRE (USE CLASS B8) ACROSS TWO MAIN BUILDINGS PLUS ANCILLARY STRUCTURES ANDS OTHER ASSOCIATED WORKS,https://www.planit.org.uk/planapplic/Newport/24/0006/
Slough,Outline,Undecided,2024-01-03,,"188-216 Bath Road, Slough, SL1 3WE",SL1 3WE,See source,"Outline planning application for the following two independent and severable acts of development: 1. Demolition of 188, 190 and 200 Bath Road and the construction of a Data Centre with ancillary office space, together with landscaping, boundary treatments, substation, plant enclosure, gantry and all associated and ancillary works. Retention and alteration of existing points of access and egress to Galvin Road. Retention of existing Bath Road access for emergency services. Provision of new cycle and vehicle parking, including electric vehicle parking. Details of access, appearance, landscaping, layout and scale all submitted for approval. 2. Demolition of 208, 210 and 216 Bath Road and the construction of a Data Centre with ancillary office space, together with landscaping, boundary treatments, substation, plant enclosure, gantry, new cycle and vehicle parking and all associated and ancillary works. Detailed approval is sought for the retention and alteration of existing access and egress to Galvin Road and Bath Road. Appearance, landscaping, layout and scale reserved for subsequent approval (Amended description)",https://www.planit.org.uk/planapplic/Slough/P/20367/001/
Trafford,Full,Conditions,2024-01-12,2024-03-11,Unit 4 Scholar Green Road Trafford Park Manchester M32 0TR,M32 0TR,See source,"Change of use to data centre (sui generis). Installation of new substation and external condenser units, new entrance door and replacement of several windows with glazed-in louvres. Erection of new security fence.",https://www.planit.org.uk/planapplic/Trafford/112652/FUL/24/
Tower Hamlets,,Permitted,2024-01-23,2024-03-04,"Land At Former EMR Site, Bidder Street, Canning Town,",,See source,"Observation requested by London Borough of Newham for Erection of a data centre (Use Class B8), comprising a Data Centre Building of approximately 72.3m AOD in height (approximately 60,510sqm GEA including ancillary office space); a Plant Building of approximately 72.3m AOD in height (approximately 30,302sqm GEA), an Energy Centre of approximately 32.4m AOD in height (approximately 4,789sqm GEA), with associated works including landscaping, access, car and cycle parking, and servicing areas.",https://www.planit.org.uk/planapplic/TowerHamlets/PA/24/00091/NC/
Havering,Outline,Undecided,2024-03-06,,East Havering Data Centre Campus North of Corner Farm Cottage Fen Lane,,,"Request for an EIA Scoping opinion regarding a new data centre (East Havering Data Centre Campus) plus associated external plant security, indoor horticulture facilities, green energy initiative (including hydrogen fuel cell energy generation, battery storage and district heating energy centres), visitor centre and electrical substations and distribution infrastructure including new access roads, civil engineering works, hard and soft landscaping, formation of associated parkland/enhanced biodiversity habitat at North Ockendon, Havering, Greater London.",https://www.planit.org.uk/planapplic/Havering/Z0001.24/
Cardiff,Full,Permitted,2024-03-14,2025-04-15,Land At Rover Way Splott Cardiff,,See source,"The partial removal of fill material, undertaking of reprofiling groundworks, and the installation of an Energy Park ( comprising battery energy storage facility, associated substation and ancillary buildings) and Data Centre, along with access, parking, drainage, landscaping, and associated works.",https://www.planit.org.uk/planapplic/Cardiff/24/00624/FUL/
North Lincs,Outline,Permitted,2024-03-15,2024-04-17,land south of A160 South Killingholme,,,"EIA screening request for a proposed development consisting of a data centre up to 309,000m² consisting of three buildings including ancillary offices, internal plant and equipment, emergency back-up generators and associated fuel storage, internal roads and footpaths, cycle and car parking, hard and soft landscaping, security perimeter fencing, lighting, drainage, an electricity substation, a district heating unit, horticultural glass house and other associated works and infrastructure",https://www.planit.org.uk/planapplic/NorthLincs/PA/SCR/2024/2/
Tower Hamlets,Outline,Permitted,2024-04-10,2024-05-22,"Land Bounded by Buxton Street, Spital Street, Brick Lane and Woodseer Street, 67 Hanbury Street and 47 Grey Eagle Street, London E1 6QL",E1 6QL,See source,"Request for an Environmental Impact Assessment (EIA) Scoping Opinion under Regulation 15 of the Town and Country Planning (Environmental Impact Assessment) Regulations 2017 (as amended), in respect of the three separate planning application areas consisting of the following components:Block A - demolition of existing buildings on site and construction of new building comprising 5,200sqm GIA of Use Class B8 floorspace for use as a data centre, reaching a maximum height of approximately 29m (42.78m AOD) (including lift overrun and plant); Main Site - partial demolition of existing structures and refurbishment of Boiler House and Cooperate, and construction of five new buildings comprising approximately 47,000sqm GIA of Residential, Office, Retail, Food & Beverage, Community use, Supermarket, Microbrewery, Market space, Event space of Use Classes E (a), (b) and (g), F2, Sui Generis, and Use Class C3, reaching a maximum height of approximately 29m (42.78m AOD); andEly's Yard - construction of a building comprising approximately 4,500sqm GIA of Office, Retail and Mixed-use space including workspace and affordable workspace of Use Class E (a) and (b), reaching a maximum height of approximately 29m (43.49m AOD).",https://www.planit.org.uk/planapplic/TowerHamlets/PA/24/00631/
Broxbourne,Full,Conditions,2024-04-10,2024-07-24,3 Bingley Road Hoddesdon EN11 0BU,EN11 0BU,See source,"Flexible change of use to allow a Sui Generis Data Centre (to include the development of battery storage for solar PV, cooling infrastructure, vented screening, bunded fuel store, generator, site transformer and high voltage switch gear) in addition to the permitted Class E (g) (iii), B2 and B8 uses",https://www.planit.org.uk/planapplic/Broxbourne/07/24/0348/F/
Tower Hamlets,Full,Permitted,2024-04-17,2024-11-14,"Poplar Business Park, 10 Prestons Road, London",,See source,"Change of use of Units 4-6, 7-9, and 23, all within Block C, from a data centre (Use Class B8) to flexible Use Classes E(g)(iii)/B2/B8.",https://www.planit.org.uk/planapplic/TowerHamlets/PA/24/00576/NC/
City,,Permitted,2024-04-19,2024-06-17,"Land Bounded By Buxton Street, Spital Street, Brick Lane And Woodseer Street, 67 Hanbury Street And 47 Grey Eagle Street, London E1 6QL",E1 6QL,See source,"Consultation by the London Borough of Tower Hamlets on an application for 'Request for an Environmental Impact Assessment (EIA) Scoping Opinion under Regulation 15 of the Town and Country Planning (Environmental Impact Assessment) Regulations 2017 (as amended), in respect of the three separate planning application areas consisting of the following components: Block A - demolition of existing buildings on site and construction of new building comprising 5,200sqm GIA of Use Class B8 floorspace for use as a data centre, reaching a maximum height of approximately 29m (42.78m AOD) (including lift overrun and plant); Main Site - partial demolition of existing structures and refurbishment of Boiler House and Cooperate, and construction of five new buildings comprising approximately 47,000sqm GIA of Residential, Office, Retail, Food & Beverage, Community use, Supermarket, Microbrewery, Market space, Event space of Use Classes E (a), (b) and (g), F2, Sui Generis, and Use Class C3, reaching a maximum height of approximately 29m (42.78m AOD); and Ely's Yard - construction of a building comprising approximately 4,500sqm GIA of Office, Retail and Mixed-use space including workspace and affordable workspace of Use Class E (a) and (b), reaching a maximum height of approximately 29m (43.49 AOD)' (LBTH ref. PA/24/00631/NC).",https://www.planit.org.uk/planapplic/City/24/00412/OBS/
Vale of White Horse,Full,Permitted,2024-05-07,2024-10-24,"Harwell Science And Innovation Campus, Diamond House, Road Thirteen, Didcot, OX11 0DE",OX11 0DE,See source,"Erection of a building to accommodate a data centre with external plant, associated acoustic barrier and boundary fencing.(as amplified by the amended documents submitted in June 2024).",https://www.planit.org.uk/planapplic/WhiteHorse/P24/V1033/FUL/
North Lincs,Outline,Conditions,2024-05-15,2024-08-28,"Land south of the A160, South Killingholme",,,"Outline planning permission for the construction of a data centre of up to 309,000m² (GEA) delivered across up to three buildings, including ancillary offices, internal plant and equipment, emergency backup generators and associated fuel storage. Other works include internal roads and footpaths, cycle and car parking, hard and soft landscaping, security perimeter fencing, lighting, drainage, an electricity substation, a district heating unit, horticultural glasshouse and other associated works and infrastructure, with all matters reserved for subsequent consideration",https://www.planit.org.uk/planapplic/NorthLincs/PA/2024/584/
Havering,,Undecided,2024-05-16,,Land north of Fen Lane North Ockendon,,,Data Centre Campus and associated development,https://www.planit.org.uk/planapplic/Havering/LDO0001.24/
Herefordshire,Other,Withdrawn,2024-06-18,2025-02-17,Former waste transfer site Marlbrook Leominster Herefordshire HR6 0PE,HR6 0PE,See source,"Proposed erection of a Green Hub pyrolysis waste processing facility building and associated infrastructure including storage bunkers, office, data centre, hardstanding, parking and site drainage on land at former waste transfer site.",https://www.planit.org.uk/planapplic/Hereford/P241551/N/
Caerphilly,Amendment,Permitted,2024-06-19,2024-09-11,Land Within Curtilage 1 Cwrt Nant Owen Llanbradach,,See source,Change the use of land to provide a data centre within a timber clad shipping container along with equipment and connection to existing district heating network,https://www.planit.org.uk/planapplic/Caerphilly/24/0469/COU/
Epping Forest,Outline,Permitted,2024-07-15,,"North Weald Airfield, Merlin Way, North Weald Bassett, Epping",,,Environmental Impact Assessment (EIA) Scoping Report prepared for the proposed North Weald Data Centre development located at the above site.,https://www.planit.org.uk/planapplic/EppingForest/EPF/1449/24/
Hillingdon,Full,Permitted,2024-07-24,2024-08-16,"Woodlands Park Landfill Site, Land South Of Slough Road Iver Buckinghamshire",,,"Out of Borough consultation for Buckinghamshire County Council: Appeal against a refusal of an Outline Planning Application with all matters reserved except for principal points of access for the redevelopment of the former landfill site to comprise a data centre development (Use Class B8) of up to 72,000 sq.m (GEA) delivered across 2 buildings to include ancillary offices, internal plant and equipment and emergency back-up generators and associated fuel storage. Cycle and car parking, internal circulation routes, soft and hard landscaping, security perimeter fence, lighting, earthworks, sustainable drainage systems, ancillary infrastructure and a substation.",https://www.planit.org.uk/planapplic/Hillingdon/78954/APP/2024/2101/
Bromsgrove Redditch,Other,Permitted,2024-08-05,2024-09-02,Land At Evoque Data Centre In Redditch District Coventry Highway Redditch Worcestershire B98 9AY,B98 9AY,See source,"Demolition of two units, bespoke to the previous data centre use, and all other ancillary buildings, crushing of external hardstanding and removal of telecoms mast",https://www.planit.org.uk/planapplic/BromsgroveRedditch/24/00782/DEM/
Tower Hamlets,Full,,2024-08-19,,"Land at the corner of Grey Eagle Street and Calvin Street, E1",,See source,"Demolition of existing buildings on site and construction of new building comprising 5,200sqm GIA of Use Class B8 floorspace for use as a data centre, reaching a maximum height of approximately 29m (41.78m AOD). This application is accompanied by an Environmental Impact Assessment (EIA).",https://www.planit.org.uk/planapplic/TowerHamlets/PA/24/01450/A1/
Hillingdon,Full,Permitted,2024-08-19,2024-10-25,HAYES BRIDGE RETAIL PARK AND HEATHROW INTERCHANGE BEACONSFIELD ROAD HAYES UB4 0RH,UB4 0RH,,Request for a Screening Opinion under The Town and Country Planning (Environmental Impact Assessment) Regulations 2017 for redevelopment of site to deliver data centre campus and technology centre.,https://www.planit.org.uk/planapplic/Hillingdon/38421/APP/2024/2215/
South Gloucestershire,Full,Conditions,2024-08-21,2025-01-09,10 Goodrich Close Yate South Gloucestershire BS37 5YT,BS37 5YT,See source,Erection of a single storey extension to form enlarged data centre with associated external plant and enclosures.,https://www.planit.org.uk/planapplic/SouthGloucestershire/P24/02011/F/
Fylde,Outline,Conditions,2024-08-30,2026-02-13,LAND ADJACENT PEEL PARK CENTRE BRUNEL WAY WESTBY WITH PLUMPTONS,,See source,"OUTLINE PLANNING APPLICATION (ACCESS AND SCALE APPLIED FOR WITH ALL OTHER MATTERS RESERVED) FOR THE ERECTION OF A NEW DATA CENTRE FACILITY AND ASSOCIATED PLANT/ EQUIPMENT, SUBSTATION, SECURITY OFFICE, WITH PRIMARY ACCESS VIA BRUNEL WAY AND SECONDARY ACCESS VIA PEEL PARK.",https://www.planit.org.uk/planapplic/Fylde/24/0516/
Slough,Outline,Undecided,2024-09-05,,"Akzonobel Decorative Paints, Wexham Road, Slough, SL2 5DB",SL2 5DB,See source,"Outline planning permission for the erection of up to 90,614sqm of GEA data centre development including ancillary offices and substation, together with associated additional plant facilities, enclosures and gantries, groundworks, utilities, engineering operations and temporary ancillary uses, and all other infrastructure works. Approval is sought for an emergency means of access on Wexham Road and access points on Technology Boulevard. The proposed development is a phased development with each phase being a separate and severable part of the development. Matters relating to layout, scale, appearance, landscaping, and additional access points along Technology Boulevard, are reserved for subsequent approval (AMENDED PLANS RECEIVED)",https://www.planit.org.uk/planapplic/Slough/P/00072/152/
Hertsmere,Outline,Conditions,2024-09-09,2025-02-11,Land East Of South Mimms Services St Albans Road South Mimms Hertfordshire,,See source,"Outline planning permission with all matters reserved (access, appearance, landscaping, layout and scale) for phased development of Data Centre (Use Class B8) comprising of up to 187,000 sqm GEA. Development to include ancillary offices, internal and external plant and equipment (including flues) and substation (external plant excluded from maximum floorspace). Provision of car parking; servicing areas; associated services (including waste, refuse, cycle storage, lighting); laying out building, routes and open spaces within the development. Development to include all associated works and operations including but not limited to: demolition; earthworks; provision of attenuation infrastructure, engineering operations. This application is for a phased development, each phase being an independent act of development, capable of coming forward in distinct and separable phases and/or plots in a severable way. Development shall be in accordance with the approved development parameters schedule and plans.",https://www.planit.org.uk/planapplic/Hertsmere/24/1152/OUTEI/
Dacorum,Outline,Permitted,2024-09-11,2025-07-31,Blue Box Storage 45 Maylands Avenue Hemel Hempstead Hertfordshire HP2 7DF,HP2 7DF,See source,"Outline planning permission for phased redevelopment of site for data centre (Use Class B8) of up to 5,100 sqm GEA with all matters reserved excluding means of access. Includes ancillary offices, substation, car parking, external plant, servicing areas and associated works. Each phase is independent and severable, following approved parameters schedule and plans.",https://www.planit.org.uk/planapplic/Dacorum/24/02039/MOA/
Enfield,,Permitted,2024-09-17,2024-09-30,"Land East Of South Mimms Services, St Albans Road, South Mimms, Hertfordshire",,See source,"Outline planning permission with all matters reserved (access, appearance, landscaping, layout and scale) for phased development of Data Centre (Use Class B8) comprising of up to 187,000 sqm GEA. Development to include ancillary offices, internal and external plant and equipment (including flues) and substation (external plant excluded from maximum floorspace). Provision of car parking; servicing areas; associated services (including waste, refuse, cycle storage, lighting); laying out building, routes and open spaces within the development. Development to include all associated works and operations including but not limited to: demolition; earthworks; provision of attenuation infrastructure, engineering operations. This application is for a phased development, each phase being an independent act of development, capable of coming forward in distinct and separable phases and/or plots in a severable way. Development shall be in accordance with the approved development parameters schedule and plans.",https://www.planit.org.uk/planapplic/Enfield/24/03171/OA/
Barnet,Outline,Permitted,2024-09-17,2024-10-22,Land East Of South Mimms Services St Albans Road South Mimms EN6,,,"Outline planning permission with all matters reserved (access, appearance, landscaping, layout and scale) for phased development of Data Centre (Use Class B8) comprising of up to 187,000 sqm GEA. Development to include ancillary offices, internal and external plant and equipment (including flues) and substation (external plant excluded from maximum floorspace). Provision of car parking; servicing areas; associated services (including waste, refuse, cycle storage, lighting); laying out building, routes and open spaces within the development. Development to include all associated works and operations including but not limited to: demolition; earthworks; provision of attenuation infrastructure, engineering operations. This application is for a phased development, each phase being an independent act of development, capable of coming forward in distinct and separable phases and/or plots in a severable way. Development shall be in accordance with the approved development parameters schedule and plans",https://www.planit.org.uk/planapplic/Barnet/24/3678/NAC/
North Lanarkshire,,Permitted,2024-10-09,2024-10-25,Land At Former Drumshangie Opencast Site Airdriehill Road Rawyards Airdrie North Lanarkshire,,See source,"Proposed Digital And Manufacturing Campus (Classes 4, 5, 6, And 10) Including Data Centres, Gigafactory, Research, Offices, Electricity Infrastructure, Ancillary Services (Classes 1 And 3 Including Sui Generis) With Access And Roads, Car Parking, Landscaping And Associated Development And Engineering Operations",https://www.planit.org.uk/planapplic/NorthLanarkshire/24/01025/PAN/
Portsmouth,Full,Conditions,2024-10-17,2024-12-03,Car Park Former Nuffield Centre St Michael's Road Portsmouth PO1 2EE,PO1 2EE,,"Construction of data centre including external plant and machinery, boundary treatments, landscaping and associated works",https://www.planit.org.uk/planapplic/Portsmouth/24/01258/FUL/
South Gloucestershire,Full,Conditions,2024-10-24,2024-12-18,Units 1 And 2 Abbey Wood Business Park Emma-chris Way Filton South Gloucestershire,,See source,"Change of use from (Data Centre) Sui Generis, to a flexible use of (Class E(giii)) Industrial processes, (Class B2) General Industry (Class B8 ) Storage or distribution, as defined in the Town and Country Planning (Use Classes) Order 1987 (as amended)",https://www.planit.org.uk/planapplic/SouthGloucestershire/P24/02501/F/
York,Full,Permitted,2024-10-25,2025-03-18,Better York Leisure Centre Kathryn Avenue Huntington York YO32 9AF,YO32 9AF,See source,Construction of a datacentre facility and associated plant and enclosure,https://www.planit.org.uk/planapplic/York/24/01946/FUL/
Chelmsford,Full,Permitted,2024-11-01,2024-12-23,Broomfield Hospital Hospital Approach Broomfield Chelmsford CM1 7ET,CM1 7ET,,Construction of single storey critical containerised datacenter situated within a secure compound area to provide acoustic screening and high level of security with associated parking and access.,https://www.planit.org.uk/planapplic/Chelmsford/24/01176/FUL/
Hillingdon,Full,Permitted,2024-11-01,2025-10-29,"UNIT 4, SILVERDALE INDUSTRIAL ESTATE SILVERDALE ROAD HAYES",,,"Demolition of the existing building and structures on site, and all other associated site clearance works. Construction of a data centre building (Class B8) with plant at roof level with an emergency generator (1no.) and associated flue (provided within an external compound adjoining the data centre building), sprinkler tank and pumphouse, security guard house, and provision of one kiosk substation and MV Building. The development also comprises the construction of a new access and internal road and circulation areas, footpaths, provision of car and bicycle parking, hard and soft landscaping and other associated works and ancillary site infrastructure.",https://www.planit.org.uk/planapplic/Hillingdon/49261/APP/2024/2904/
Central Bedfordshire,Full,Undecided,2024-11-04,,"Land to the East of Sundon Road B5790 and West of the A505, Houghton Regis",,,"Construction of two data centre buildings, substation compound, car & cycling parking, access, landscaping, technical plant and associated works.",https://www.planit.org.uk/planapplic/CentralBedfordshire/CB/24/03164/FULL/
North West Leicestershire,Outline,Permitted,2024-11-12,2024-12-06,Former Rbs Centre Packington Hill Kegworth DE74 2DG,DE74 2DG,See source,Demolition of the former RBS Data Centre,https://www.planit.org.uk/planapplic/NorthWestLeicestershire/24/01444/DEM/
Ealing,Outline,Permitted,2024-11-15,2025-01-17,Land At The International Trading Estate Trident Way Southall UB2 5LF,UB2 5LF,See source,"Request for Scoping Opinion for demolition of the existing industrial units (totalling 74,332sqm Gross Internal Area (GIA)) on the site; construction of a data centre (across four units totalling 165,826 sqm Gross External Area (GEA) (up to 36m in height); construction of five industrial units for Use Classes B8, B2 and E(g)(iii) (up to 19m in height) in an optimised layout (totalling 38,694 sqm GEA); provision of internal roads, servicing, circulation and car and cycle parking; and associated hard and soft landscaping works (Scoping Opinion under Regulation 15 of the Town and Country Planning (Environmental Impact Assessment) Regulations 2017 (as amended))",https://www.planit.org.uk/planapplic/Ealing/244364SCO/
Ealing,Outline,Permitted,2024-11-22,2024-12-13,"Unit 4, Silverdale Industrial Estate Silverdale Road Hayes UB3 3BL",UB3 3BL,See source,"Demolition of the existing building and structures on site, and all other associated site clearance works. Construction of a data centre building (Class B8) with plant at roof level with an emergency generator (1no.) and associated flue (provided within an external compound adjoining the data centre building), sprinkler tank and pumphouse, security guard house, and provision of one kiosk substation and MV Building. The development also comprises the construction of a new access and internal road and circulation areas, footpaths, provision of car and bicycle parking, hard and soft landscaping and other associated works and ancillary site infrastructure. (Out of Borough)",https://www.planit.org.uk/planapplic/Ealing/244495CONS/
Trafford,Full,Conditions,2024-11-28,2025-03-14,Urmston Leisure Centre Bowfell Road Urmston Manchester M41 5RR,M41 5RR,,Construction of a datacentre facility and associated plant and enclosure.,https://www.planit.org.uk/planapplic/Trafford/115060/FUL/24/
Northumberland (County),Outline,Undecided,2024-11-28,,Land At Former Power Station Site On Northern Side Of Cambois Cambois Northumberland,,See source,"Outline planning application, with all matters reserved, for the erection of up to ten data centre buildings of Class B8 use totalling up to 540,000 square metres (sqm) gross internal area (GIA) in addition to ancillary structures, substation, emergency generators and other associated works.",https://www.planit.org.uk/planapplic/Northumberland/24/04112/OUTES/
North Tyneside,Outline,Permitted,2024-12-02,2025-01-02,Land At Former Power Station Site On Northern Side Of Cambois Northumberland,,See source,"For the erection of up to ten data centre buildings of Class B8 use totalling up to 540,000 square metres (sqm) gross internal area (GIA) in addition to ancillary structures, substation, emergency generators and other associated works",https://www.planit.org.uk/planapplic/NorthTyneside/24/01602/ADJLPA/
Salford,Full,Conditions,2024-12-06,2025-07-23,"Former White's Reclamation Site, Liverpool Road, Eccles, M30 7LJ",M30 7LJ,See source,"Demolition of all existing structures, land remediation and redevelopment for an employment scheme including the erection of a data centre (class B8) and ancillary office (class E), alongside substations, plant, and associated parking, servicing, landscaping, access and other associated works.",https://www.planit.org.uk/planapplic/Salford/PA/2024/1810/
Wycombe,Outline,Undecided,2024-12-09,,Land At South Corner Wycombe Air Park Clay Lane Booker Buckinghamshire,,See source,"Outline application (including details of principal means of access off Marlow Road) for a data centre development (Use Class B8) including ancillary offices, associated infrastructure and landscaping",https://www.planit.org.uk/planapplic/Wycombe/24/07967/OUT/
Neath,Outline,Permitted,2024-12-09,2025-03-20,Tyn-y-caeau Margam Road Margam Neath Port Talbot SA13 2NW,SA13 2NW,See source,Request for Screening opinion under Regulation 6 of the Town and Country Planning (Environmental Impact Assessment) (Wales) Regulations 2017 for the erection of a proposed data centre.,https://www.planit.org.uk/planapplic/Neath/P2024/0791/
Slough,,Permitted,2024-12-12,2025-04-23,"Thorney Business Park, Thorney Lane North, Iver, Buckinghamshire",,See source,"Outline planning application (all matters reserved except for Access) for demolition of existing buildings and structures and construction of commercial buildings to comprise data centre use, including ancillary office space and associated plant, equipment and backup generation, car parking, landscaping, new vehicular access and new emergency access route",https://www.planit.org.uk/planapplic/Slough/SMI/2024/13/
Slough,Full,Permitted,2024-12-17,2026-06-10,"Land at Manor Farm and land north of Wraysbury Reservoir, Slough",,See source,"Demolition of existing buildings and redevelopment to comprise a Data Centre (Use Class B8) and Battery Energy Storage System (BESS) with ancillary substation, offices, associated plant, emergency backup generators and associated fuel storage, landscaping, sustainable drainage systems, car and cycle parking, and new and amended vehicular and emergency access from Poyle Road and other associated works.",https://www.planit.org.uk/planapplic/Slough/P/10076/013/
Milton Keynes,Outline,Permitted,2024-12-23,2025-01-31,"Land off Rockingham Drive, Linford Wood, Milton Keynes",,See source,"The construction of an energy centre, data centre and associated structures and an associated piped distribution network",https://www.planit.org.uk/planapplic/MiltonKeynes/PLN/2024/2768/
Hillingdon,Full,Permitted,2025-01-08,2025-03-19,UNIT 1 HEATHROW INTERCHANGE BULLSBROOK ROAD HAYES,,,Redevelopment of the site to deliver a substation in connection with the permitted and emerging Data Centre Campus.,https://www.planit.org.uk/planapplic/Hillingdon/71554/APP/2025/47/
Enfield,,Permitted,2025-01-15,2025-01-29,Land East Of South Mimms Services St Albans Road South Mimms Hertfordshire,,See source,"Outline planning permission with all matters reserved (access, appearance, landscaping, layout and scale) for phased development of Data Centre (Use Class B8) comprising of up to 187,000 sqm GEA. Development to include ancillary offices, internal and external plant and equipment (including flues) and substation (external plant excluded from maximum floorspace). Provision of car parking; servicing areas; associated services (including waste, refuse, cycle storage, lighting); laying out building, routes and open spaces within the development. Development to include all associated works and operations including but not limited to: demolition; earthworks; provision of attenuation infrastructure, engineering operations. This application is for a phased development, each phase being an independent act of development, capable of coming forward in distinct and separable phases and/or plots in a severable way. Development shall be in accordance with the approved development parameters schedule and plans.",https://www.planit.org.uk/planapplic/Enfield/25/00169/OA/
Rhondda,Full,Permitted,2025-02-05,2025-05-12,Land East Of A4119 Mwyndy Pontyclun Rhondda Cynon Taf,,See source,"Erection of a data centre building (Use Class B8) with associated electrical and mechanical plant equipment and substation, new vehicular access and associated landscaping and sustainable urban drainage proposals.",https://www.planit.org.uk/planapplic/Rhondda/25/0138/FUL/
Broxbourne,,Undecided,2025-02-18,,Phase 4.2 Land at Maxwells Farm West Great Cambridge Road Cheshunt Hertfordshire,,See source,"Application for the approval of details reserved by condition nos 9, 13 and 28 (landscaping, construction environmental management plan biodiversity and fencing and boundary treatments) of planning permission 07/18/1181/O and 07/21/0447/F to regularise the increased height of data centre and footprint of electricity substation and amend drawing label from site ground levels to existing ground levels)",https://www.planit.org.uk/planapplic/Broxbourne/07/25/0160/DRC/
Anglesey,Outline,Permitted,2025-02-21,2025-07-25,"Parc Ffyniant / Prosperity Park, Caergybi/Holyhead",,See source,"Cais amlinellol gyda’r holl faterion wedi eu cadw’n ôl (ac eithrio mynediad) ar gyfer yr ailddatblygu’r tir i gynnwys dymchwel strwythurau ac adeiladau er mwyn galluogi gwaith o adeiladu lleoliadau cyflogaeth newydd yn cynnwys canolfannau data (defnydd dosbarth B8), swyddfeydd, mannau ymchwil a datblygu (defnydd dosbarth B1) a storfa ynni batris (Defnydd unigryw). Bydd yr ailddatblygiad hefyd yn cynnwys trefniadau draenio, lleiniau caled, cadw gwaith tirlunio a gwaith tirlunio newydd ynghyd â datblygiadau cysylltiedig eraill yn / Outline application with all matters reserved (except access) for the redevelopment of land to include demolition of existing structures and buildings to allow construction of new employment floorspace including, data centres (use class B8), offices, research and development space (use class B1) and battery energy storage (Unique use). The redevelopment will also include drainage arrangements, hardstanding areas, retained and new landscaping together with other associated development at",https://www.planit.org.uk/planapplic/Anglesey/OP/2025/2/
Kettering,Outline,,2025-03-17,,"Burton Wold Wind Farm (land adj), Wold Road, Burton Latimer, NN15 5PJ",NN15 5PJ,See source,"Hybrid planning permission for the development of an Energy Park. Outline application relating to additional energy infrastructure (including battery storage, ground mounted solar pv and other infrastructure potentially including hydrogen generation and/or storage) advanced agricultural / hydroponic uses (agriculture use including potential glasshouses with associated Class E/B2/B8), new employment units for use within classes E (office, research and development and light industrial), B2 and B8 (including data centres), ancillary uses under Class E (e.g. café/nursery), ancillary structures, new estate roads, utility connections, landscape and drainage works, provision of a receptor area for biodiversity and other habitat areas, and other associated operations including site clearance and levelling works. All matters reserved apart from the means of access to the site. Detailed application for new site access from the A510 and Estate Road works, equipment and structures associated with a 132kv grid connection to the overhead power lines, as well as site clearance, drainage, utility connections, levelling works, demolition and associated operations requiring the diversion of public rights of way",https://www.planit.org.uk/planapplic/Kettering/NK/2025/0167/
Neath,Full,Permitted,2025-03-20,2026-05-26,Land At Tyn-Y-Caeau Margam Port Talbot SA13 2NR,SA13 2NR,See source,"Erection of a data centre (use class B8) and supporting infrastructure, parking, alteration to access, drainage, landscaping and associated works. Including demolition of existing annex and retention of the existing building for ancillary use, substation and power connection to the existing Western Wood Biomass Plant.",https://www.planit.org.uk/planapplic/Neath/P2025/0187/
Ealing,Outline,Withdrawn,2025-03-31,2026-06-02,Hayes Bridge Retail Park And Heathrow Interchange Uxbridge Road Hayes UB4 0RH,UB4 0RH,,"Hybrid planning application for a four-phased redevelopment to deliver a data centre campus comprising of: Phase 1 - Full planning permission for (a) a data centre building (b) energy, power, and water infrastructure (c) site access and internal roads including a vehicular and pedestrian link between Uxbridge Road and Bullsbrook Road (d) site security arrangements and security fencing (e) hard and soft, green and blue, infrastructure and (f) other ancillary and auxiliary forms of development; Phase 2 - Outline planning permission for (a) an Innovation Hub (b) hard and soft, green and blue, infrastructure and (c) other ancillary and auxiliary forms of development (all matters reserved); Phase 3 - Outline planning permission for (a) a data centre building (b) energy, power, and water infrastructure (c) internal roads (d) site security arrangements and security fencing (e) hard and soft, green and blue, infrastructure and (f) other ancillary and auxiliary forms of development (all matters reserved); and Phase 4 - Outline planning permission for (a) a data centre building (b) energy, power, and water infrastructure (c) internal roads (d) site security arrangements and security fencing (e) hard and soft, green and blue, infrastructure and (f) other ancillary and auxiliary forms of development (all matters reserved). (Out of Borough)",https://www.planit.org.uk/planapplic/Ealing/251348CONS/
Rhondda,,Permitted,2025-04-02,2025-04-15,Unit 5 And 7 Cadw Cefn Coed Nantgarw Taff's Well Rhondda Cynon Taf CF15 7QQ,CF15 7QQ,See source,Change of use from office building (Use Class B1) to Data Centre (Use Class B8),https://www.planit.org.uk/planapplic/Rhondda/25/0382/LDO/
Ealing,Outline,Withdrawn,2025-04-07,2026-02-02,Union Park UP4 North Hyde Gardens Hayes UB3 4QQ,UB3 4QQ,,"Redevelopment of site to deliver extension to existing Union Park data centre campus consisting of (a) free standing data centre building (b) energy, power, and water infrastructure (c) site access and internal roads (d) site security arrangements (e) hard and soft, green landscaping and (f) other ancillary and auxiliary forms of development. (Out of borough)",https://www.planit.org.uk/planapplic/Ealing/251491CONS/
Chiltern South Bucks,Outline,Permitted,2025-04-08,2025-05-28,Land South Of Slough Road (A4007) and East Of M25 Iver Buckinghamshire SL0 0EB,SL0 0EB,See source,"Request for Screening Opinion in accordance with Regulation 6 of the Town and Country Planning (Environmental Impact Assessment) Regulations 2017 (as amended) to establish whether the proposed redevelopment of a former landfill site comprising a Data Centre building (Use Class B8), ancillary offices, internal plant and equipment, substation, landscaping, biodiversity and drainage features, upgrade works to the Public Right of Way and associated works would constitute Environmental Impact Assessment development",https://www.planit.org.uk/planapplic/ChilternSouthBucks/PL/25/1155/EIASR/
Chiltern South Bucks,Outline,Undecided,2025-04-08,,Land To The North Of A412 and West Of Pinewood Road Iver Heath Buckinghamshire,,See source,Request for Screening Opinion in accordance with Regulation 6 of the Town and Country Planning (Environmental Impact Assessment) Regulations 2017 (as amended) to establish whether a proposed Data Centre would constitute Environmental Impact Assessment development,https://www.planit.org.uk/planapplic/ChilternSouthBucks/PL/25/1157/EIASR/
Edinburgh,,Undecided,2025-04-11,,1 Redheughs Avenue South Gyle Edinburgh EH12 9RH,EH12 9RH,See source,Green data centre development and relocation of green space.,https://www.planit.org.uk/planapplic/Edinburgh/25/01968/PAN/
Gloucester,Amendment,Permitted,2025-04-11,2025-10-03,12 Llanthony Road Gloucester GL2 5QX,GL2 5QX,See source,Change of use from a data centre (Class B8/Sui Generis) to Class E with associated internal and external alterations to facilitate the proposed use.,https://www.planit.org.uk/planapplic/Gloucester/25/00332/COU/
Epping Forest,Outline,Undecided,2025-04-16,,"Land West of Merlin Way, North Weald Airfield, North Weald Bassett, CM16 6AA",CM16 6AA,,"Outline planning application, with all matters reserved except access, for the demolition of the existing gate security and fire station buildings and redevelopment of the Site to deliver a data centre campus, with up to 2 no. data centre buildings and separate offices, delivering up to 77,148m² gross external area (GEA) of floorspace (Use Class B8), including emergency back-up generators, energy storage (fuel tanks and/or battery storage), a new security entrance, electricity substations, internal roads, car parking, hard a soft landscaping including an airfield safety bund, secure perimeter fencing, media and utility infrastructure and other ancillary development.",https://www.planit.org.uk/planapplic/EppingForest/EPF/0849/25/
Bury,Outline,Undecided,2025-04-17,,"Land bound to the north by Brightley Brook,Pilsworth Fisheries, Pilsworth Road & Heywood Distribution Park; to the west by Whittle Brook; to the east by Birch Industrial Park & fields; and to the south by the M62 corridor",,See source,"Application for outline planning permission (all matters reserved) for a national-scale employment development, comprising Storage & Distribution (Use Class B8) and Industrial (Use Classes B2, E(g)(ii) and E(g)(iii)) uses (including, but not limited to, Logistics, Manufacturing Processes and Data Centres), with supporting ancillary uses including Hotel (Use Class C1), Commercial & Business & Service (Uses Class E(a - g)), Education (Use Class F1(a)), Local Community (Use Class F2(a - c) uses, Sui Generis uses (in accordance with the Uses Schedule), and associated demolition works, landscaping, drainage, ecological enhancements, highway works, cycleway and footpath linkages and other ancillary infrastructure.",https://www.planit.org.uk/planapplic/Bury/71867/
Bridgend,,Conditions,2025-04-17,2025-10-02,Former Ford Engine Plant Waterton Industrial Estate Bridgend CF31 3PJ,CF31 3PJ,See source,"Hybrid planning application seeking: outline planning permission for the development of a data centre campus (Use Class B8) including site preparation, new buildings and electrical substations and the accesses, infrastructure, spaces, facilities, landscaping, surface water drainage features and othe...",https://www.planit.org.uk/planapplic/Bridgend/P/25/247/HYB/
Rochdale,Outline,Undecided,2025-04-22,,"Land Bound To The North By Brightley Brook, Pilsworth Fisheries, Pilsworth Road & Heywood Distribution Park; The West By Whittle Brook; The East By Birch Industrial Park & Agricultural Fields; And The South By The M62 Corridor",,See source,"Application for outline planning permission (all matters reserved) for a national-scale employment development, comprising Storage & Distribution (Use Class B8) and Industrial (Use Classes B2, E(g)(ii) and E (g)(iii)) uses (including, but not limited to, Logistics, Manufacturing Processes and Data Centres), with supporting ancillary uses including Hotel (Use Class C1), Commercial, Business & Service (Uses Class E (a-g)), Education (Use Class F1(a)), Local Community (Use Class F2(a-c) uses, Sui Generis uses (in accordance with the Uses Schedule), and associated demolition works, landscaping, drainage, ecological enhancements, highway works, cycleway and footpath linkages and other ancillary infrastructure.",https://www.planit.org.uk/planapplic/Rochdale/25/00418/OUT/
East Dunbartonshire,Outline,Permitted,2025-04-29,2025-07-08,Land Adjacent To Crosshill Road Bishopbriggs East Dunbartonshire,,,"EIA Screening Opinion for a proposed Data Centre Campus development on land South and West of Crosshill Road, Westerhill, Glasgow, G66 4SR.",https://www.planit.org.uk/planapplic/EastDunbartonshire/TP/ED/25/0245/
Stirling,Outline,Withdrawn,2025-04-29,2025-07-18,Land East Of Carbrook Steadings Plean,,See source,"Request for screening opinion under Regulation 8 of the Town and Country Planning (Environmental Impact Assessment) Regulations 2017 (as amended), with regard to the proposed development comprising for the construction of a Data Centre Campus on Land near A9, Old Plean, Plean, Stirling.",https://www.planit.org.uk/planapplic/Stirling/SCRN-25-002/
Ealing,Outline,Permitted,2025-04-30,2025-06-13,Former Honey Monster Factory Bridge Road Southall UB2 4AB,UB2 4AB,See source,"Request for a Screening Opinion under Regulation 6 of the Town and Country Planning (Environmental Impact Assessment) Regulations 2017 (as amended) in respect of proposals by Cyrus One for the development and use of the Site to provide a hyperscale data centre facility with ancillary office accommodation, flexible workspace with ancillary retail/ café/ community space, provision of a substation and gatehouse. (Please see report for full proposal)",https://www.planit.org.uk/planapplic/Ealing/251707SCE/
Wycombe,Amendment,Rejected,2025-05-02,2025-05-23,Former Molins Site Haw Lane Saunderton Buckinghamshire,,See source,"Proposed non-material amendment to permission for Erection of 4 no. Data centre buildings (sui generis use) together with associated groundworks, plant, electricity sub-station, security fence, gates and piers, landscaping, amendment to existing vehicular access(es), internal roads, service areas and provision of 150 car parking spaces with retention of the existing office building and ""Ballroom"" building fronting Haw Lane for ancillary operational uses and demolition of all other buildings and structures granted under planning ref: 22/06872/VCDN",https://www.planit.org.uk/planapplic/Wycombe/25/06079/MINAMD/
Scottish Borders,Outline,Permitted,2025-05-07,2025-07-04,The Laundry Field BESS Land North And East Of Stainrigg Mains Farm Coldstream Scottish Borders,,See source,Erection of data centre campus,https://www.planit.org.uk/planapplic/ScottishBorders/25/00556/SCR/
Thurrock,Outline,Undecided,2025-05-12,,Arena Essex And Fishing Lake Arterial Road Purfleet-on-thames Essex,,See source,"Hybrid planning application for the comprehensive redevelopment of the Site to deliver a data centre campus comprising: 1. Full planning application for the demolition of existing buildings and structures, preparatory earthworks including remediation and levelling, and access works; and 2. Outline planning application (with all matters reserved except access) for the construction of up to four data centre buildings (Use Class B8) with a total gross external area (GEA) of up to 130,500 sqm (excluding external plant) and a separate office building of up to 4,000 sqm (GEA), together with ancillary equipment and associated works including security fencing, entrance and service yards, external plant, utility infrastructure (including sub-stations and emergency back-up power generators), energy storage (fuel tanks and/or battery storage), electric vehicle charging stations, internal road networks, car parking for up to 450 vehicles, cycle spaces, hard and soft landscaping, and habitat creation and open space enhancements including the provision of a mountain bike track, pedestrian and cycle linkages to the Mar Dyke Local Wildlife Site and Lakeside, as well as associated access and public realm works.",https://www.planit.org.uk/planapplic/Thurrock/25/00573/OUT/
North Lanarkshire,Outline,Permitted,2025-05-20,2025-07-03,Land At Ravenscraig Regeneration Area (West) Wishaw Motherwell North Lanarkshire ML1 1NR,ML1 1NR,See source,Construction of a Data Centre Campus,https://www.planit.org.uk/planapplic/NorthLanarkshire/25/00556/EIASCR/
Sedgemoor,Full,Permitted,2025-05-23,2025-07-23,"Bridgwater Community Hospital, Bower Lane, East Bower, Bridgwater, TA6 4GU",TA6 4GU,See source,"Erection of palisade fencing around data centre at Bridgwater Community Hospital, Bower Lane, Bridgwater",https://www.planit.org.uk/planapplic/Sedgemoor/09/25/00014/
Stockton-on-Tees,Full,Conditions,2025-05-27,2025-09-19,Land North Of George Stephenson Court Westland Way Preston Farm Industrial Estate Stockton-On-Tees TS18 3FB,TS18 3FB,See source,"Erection of a new data centre comprising of 2no commercial units, external plants, substations to include fencing, landscaping highways access work and associated infrastructure works.",https://www.planit.org.uk/planapplic/Stockton/25/1090/FUL/
North Lincs,Outline,,2025-05-27,,"Land adjacent to Elsham Wolds Industrial Estate, North Lincolnshire",,,"Outline planning permission for the construction of a data centre park, including ancillary offices, internal plant and cooling equipment, emergency backup generators with associated fuel storage, district heating centre, flexible commercial/amenity building(s) (Use Classes E, F1 and F2) and construction of buildings for agricultural purposes; other works include means of access, internal roads and footpaths, cycle and car parking, hard and soft landscaping, security gatehouses and perimeter fencing, lighting, drainage, pumping station, electricity substation(s), energy generation/storage, undergrounding of overhead power lines and other associated works, infrastructure and ground remodelling including creation of landscaped bunds, with all matters reserved for subsequent consideration - each phase of the development to be a severable component",https://www.planit.org.uk/planapplic/NorthLincs/PA/2025/643/
Glamorgan,Outline,Permitted,2025-05-29,2025-10-13,"Former Ford Engine Plant Waterton Industrial Estate, Bridgend",,See source,"Hybrid planning application seeking: outline planning permission for the development of a data centre campus (Use Class B8) including site preparation, new buildings and electrical substations and the accesses, infrastructure, spaces, facilities, landscaping, surface water drainage features and other works that will be needed to construct and serve the campus; and full planning permission for the first data centre and all associated works (EIA Development) ~Affecting public right of way",https://www.planit.org.uk/planapplic/Glamorgan/2025/00528/OBS/
East Ayrshire,Outline,Permitted,2025-06-03,2025-07-14,Land South Of Creoch Farm Ochiltree Cumnock KA18 2QH,KA18 2QH,See source,Request EIA Screening Opinion for a proposed Data Centre Campus development,https://www.planit.org.uk/planapplic/EastAyrshire/25/0003/EIASCR/
Windsor,,Rejected,2025-06-04,2025-06-24,Land At Former Akzo Nobel Site Wexham Road Slough,,See source,"Outline planning permission for the erection of up to 90, 614sqm of GEA data centre development including ancillary offices and substation, together with associated additional plant facilities, enclosures and gantries, groundworks, utilities, engineering operations and temporary ancillary uses, and all other infrastructure works. Approval is sought for an emergency means of access on Wexham Road and access points on Technology Boulevard. The proposed development is a phased development with each phase being a separate and severable part of the development. Matters relating to layout, scale, appearance, landscaping, and additional access points along Technology Boulevard, are reserved for subsequent approval (AMENDED PLANS RECEIVED)",https://www.planit.org.uk/planapplic/Windsor/25/30002/SMI/
Edinburgh,Outline,Permitted,2025-06-05,2025-07-04,Land 300 Metres North Of 50 Research Avenue North Riccarton Currie,,See source,Construction of a Data Centre Campus.,https://www.planit.org.uk/planapplic/Edinburgh/25/02924/SCR/
Rushmoor,Outline,Permitted,2025-06-16,2025-07-22,Cody Technology Park Ively Road Farnborough Hampshire GU14 0LX,GU14 0LX,See source,"Request for an EIA Scoping Opinion : Proposed development comprising the partial demolition and partial retention of existing structures and phased construction of a new commercial development to provide the following uses over several development plots with a total maximum floorspace of 143,000m2 GEA: Up to approximately 46,000m2 GEA of flexible commercial floorspace (Class E(g)(ii), E(g)(iii), B2 and B8); Up to approximately 35,000m2 GEA of B8 storage or distribution (including Data Centres); Up to approximately 32,000m2 GEA of flexible commercial floorspace (Class E(g)(i), E(g)(ii), E(g)(iii), and B8); and Up to approximately 30,000m2 GEA of flexible commercial floorspace (Class E(g)(iii), B2 and B8 (including Data Centres); with public realm and associated works",https://www.planit.org.uk/planapplic/Rushmoor/25/00328/SCOPE/
Chiltern South Bucks,Outline,Undecided,2025-07-03,,Land To The West Of Pinewood Road Iver Heath Buckinghamshire,,See source,"Outline planning application with all matters reserved, except for the principal points of access from Pinewood Road and Uxbridge Road, to comprise data centre (Use Class B8) of up to 55,030 sq m (592,338 sq ft) GIA of building floorspace, power sub stations, associated plant, emergency back-up generators and associated fuel storage, vehicular and pedestrian access, car and cycle parking, landscaping, sustainable drainage system, other associated works, community garden (including growing space, orchard, informal recreation, learning space and multi-use site hub building of up to 500 sq m GIA) all to be delivered in phases (each phase being a separate and severable part of the development).",https://www.planit.org.uk/planapplic/ChilternSouthBucks/PL/25/2076/OA/
Old Oak Park Royal,Outline,Permitted,2025-07-08,2025-07-28,"Unit F, 6 Premier Park Road, LONDON, NW10 7NZ",NW10 7NZ,See source,"Request for an Environmental Impact Assessment Screening Opinion in accordance with Regulation 6 of the Town and Country Planning (Environmental Impact Assessment) Regulations 2017 (as amended), in association with the redevelopment of the site to provide a data centre building with associated structures.",https://www.planit.org.uk/planapplic/OldOakParkRoyal/25/0120/SCROPDC/
Sefton,Outline,Permitted,2025-07-09,2025-08-06,51 Bridle Road Netherton L30 4XE,L30 4XE,See source,"Environmental Impact Assessment (EIA) Screening Opinion for the demolition of the existing buildings on site and construction and operation of a data centre at 51 Bridle Road, Netherton",https://www.planit.org.uk/planapplic/Sefton/DC/2025/01117/
Bradford,Full,Conditions,2025-07-23,2026-05-13,Land To The East Of Bradford Energy Centre Bounded By Listerhills Road Thornton Road Bradford West Yorkshire,,See source,"Construction of data centre and associated infrastructure, access, parking and landscaping",https://www.planit.org.uk/planapplic/Bradford/25/02212/MAF/
West Northamptonshire,Full,Permitted,2025-07-24,2026-06-18,Aston Martin F1 Buckingham Road Silverstone NN12 8TJ,NN12 8TJ,See source,"Retrospective application for the demolition of temporary modular workshop building, and the erection of a data centre facility, including bridge link, landscaping and associated works for Aston Martin Formula One Team.",https://www.planit.org.uk/planapplic/WestNorthamptonshire/2025/3287/MAF/
North Lanarkshire,,Permitted,2025-07-31,2025-08-14,Land At Ravenscraig Regeneration Area Motherwell North Lanarkshire,,See source,"Erection of an AI Data Centre Campus with a 550MW demand utility capacity with ancillary Battery Energy Storage (to be consented via separate Section 36 application to the ECU) car parking, landscaping, roads, access and associated works",https://www.planit.org.uk/planapplic/NorthLanarkshire/25/00838/PAN/
West Lothian,Outline,Permitted,2025-08-05,2025-08-14,Land At Former Freeport Shopping Village West Calder West Lothian EH55 8PN,EH55 8PN,,"Proposal of application notice for the erection of an AI Data Centre Campus with a 250 MW demand utility capacity with ancillary battery energy storage system (BESS) (to be consented via separate Section 36 application to Scottish Government), car parking, landscaping, roads, access and associated works",https://www.planit.org.uk/planapplic/WestLothian/0625/PAC/25/
Cherwell,,Undecided,2025-08-22,,Heyford Park Camp Road Upper Heyford,,See source,"A hybrid planning application consisting of: Demolition of 222 existing buildings and structures as listed in Schedule 1. Up to 9,000 new dwellings (Class C3) comprised of: Outline planning permission for up to 8,848 dwellings (Class C3) Change of Use of Buildings 320, 345, 350,172 for up to 152 dwellings (Class C3) Outline planning permission for up to: 4,610 sq.m of new light industrial buildings (Class B2) 2,600 sq.m of new warehouse buildings (Class B8) 5,500 sq.m of new hotel buildings (Class C1) 40,650 sq.m of new commercial, business and service buildings (Class E), comprising of retail, restaurant/cafe, indoor sport/recreation and fitness, medical/health services, creche/nursery, and office/research & development. Learning buildings (Class F1), comprising of four primary schools (1 x 2FE and 3 x 3FE) , 1 secondary school (1 x 9FE) and a Centre for Peace Studies (1,100 sq.m.) 1,770 sq.m of local community uses (Class F2), comprising of community centre and library buildings 1,000 sq.m of Public House/restaurant (sui generis) 7,500 sq.m for datacentre buildings (sui generis) Renewable energy generation with associated infrastructure, including 3 wind turbines, solar pv and battery energy storage systems Change of use of 98 existing buildings: Permanent change of use of buildings and structures as listed in Schedule 2 Associated infrastructure works, including surface water attenuation provision, improvements to foul drainage systems, highway and transport works, green and blue infrastructure provision",https://www.planit.org.uk/planapplic/Cherwell/25/02190/HYBRID/
Hertsmere,,Undecided,2025-08-28,,The Mecure Hotel And Land To South East Tylers Way Watford Hertfordshire WD25 8JH,WD25 8JH,,Redevelopment of site to data centre campus - PPA agreement.,https://www.planit.org.uk/planapplic/Hertsmere/25/1257/PPA/
Ealing,Full,Undecided,2025-10-03,,Former Honey Monster Food Factory Southall UB2 4AE,UB2 4AE,,"Redevelopment of the site to provide a hyperscale data centre (Sui Generis) with ancillary offices, plant and equipment; affordable workspace including a training centre and ancillary amenities (Use Class E); substation; access; parking; landscaping; and associated infrastructure.",https://www.planit.org.uk/planapplic/Ealing/253874FUL/
Rushmoor,Outline,Undecided,2025-10-06,,Land At Cody Technology Park And Ball Hill Ively Road Farnborough Hampshire,,See source,Outline planning application for phased development involving demolition of existing buildings and the erection of new flexible use employment floorspace (Use Classes E(g)(i)-(iii)/B2/B8 (including data centres) and associated works. All matters reserved except access,https://www.planit.org.uk/planapplic/Rushmoor/25/00537/OUTPP/
Spelthorne,Full,Undecided,2025-10-07,,"Highway Land Along Poyle Road, Horton Road, Stanwell Moor Road, Stanwell New Road, London Road, Staines By-Pass, Kingston Road And Other Land Between National Grid Laleham Substation, Kingston Road, Ashford And Manor Farm, Poyle Rd, Slough.",,See source,"Installation of underground and ground mounted structures to support electrical connection and communication cables with temporary construction compounds, and associated infrastructure and works in association with proposed Data Centre and Battery Energy Storage System at Manor Farm, Poyle Rd, Colnbrook, Slough SL3 0BL",https://www.planit.org.uk/planapplic/Spelthorne/25/01226/FUL/
Gwynedd,Outline,,2025-10-09,,"Land At And Adjacent To The Former Ferodo Site, Griffiths Crossing, Caernarfon, LL55 1TP",LL55 1TP,,"Dymchwel adeiladau a strwythurau presennol, ailraddio'r tir a codi adeilad canolfan data (B8) ynghyd a chyfarpar cysylltiol i gynnwys generaduron, peirianwaith, cyfarpar, is-orsaf(oedd), mynedfeydd, parcio ac ardaloedd gwasanaethu, gwaith draenio a peirianyddol gan gynnwys cysylltu ac ail-leoli gwasanaethau Demolition of existing buildings/structures, re-grading of land and erection of Class B8 data centre building(s) with all associated back-up generators, plant, equipment, sub-station(s), accesses, parking and servicing areas, drainage and engineering works, including services diversion/connection.",https://www.planit.org.uk/planapplic/Gwynedd/C25/0754/20/SC/
Stoke on Trent,Full,,2025-10-09,,"Building 4a And 4b, Spode Works, Elenora Street, Stoke-on-trent, ST4 1QD",ST4 1QD,,"Conversion of ground floor of Building 4A to remote computing AI data centre and multi-use events space for exhibitions, performances, cultural and community functions for up 3 years. Conversion of the ground floor of Building 4B to two office units and the Upper Floors to nine aparthotel suites (Use Class C1) linked to the adjacent Potbank Aparthotel. Works to include the roof extended upwards for thermal upgrades, external alterations, a roof terrace, installation of solar panels, renewable heating integration (including waste heat recovery), and sustainable drainage measures",https://www.planit.org.uk/planapplic/Stoke/25/FUL/00668/
Anglesey,Outline,Permitted,2025-10-15,2026-01-08,"Tir yn a ger yr hen Safle Ferodo / Land At And Adjacent To The Former Ferodo Site, Griffiths Crossing, Caernarfon, LL55 1TP",LL55 1TP,See source,"Cais amlinellol gyda holl faterion wedi eu cadw'n ol ar gyfer dymchwel adeiladau a strwythurau presennol, ailraddio'r tir a codi adeilad canolfan data (B8) ynghyd a chyfarpar cysylltiol i gynnwys generaduron, peirianwaith, cyfarpar, is-orsaf(oedd), mynedfeydd, parcio ac ardaloedd gwasanaethu, gwaith draenio a peirianyddol gan gynnwys cysylltu ac ail-leoli gwasanaethau / Outline application with all matters reserved for the demolition of existing buildings/structures, re-grading of land and erection of Class B8 data centre building(s) with all associated back-up generators, plant, equipment, sub-station(s), accesses, parking and servicing areas, drainage and engineering works, including services diversion/connection.",https://www.planit.org.uk/planapplic/Anglesey/GWY/2025/1/
Buckinghamshire,Full,Undecided,2025-10-15,,Ridgeway Distribution Centre The Ridgeway Iver Buckinghamshire,,See source,"Demolition of all existing units and structures on site and redevelopment of site to provide data centre development comprising data centre building, MV building, 1 sprinkler water tank and pump building, security hut, substation compound including 2 switchrooms and electrical infrastructure, generator yard with 27 back-up generators, 1 diesel tank and re-fuelling area, water tanks, bin store, perimeter security fencing, car and cycle parking and associated ancillary site infrastructure.",https://www.planit.org.uk/planapplic/Bucks/PL/25/4351/FA/
Chesterfield,Full,Conditions,2025-10-23,2025-12-23,Erin Landfill Site Markham Lane Duckmanton Chesterfield Derbyshire S44 5HS,S44 5HS,See source,"Development of a modular data centre, associated equipment and structures, staff accommodation, fencing and associated works",https://www.planit.org.uk/planapplic/Chesterfield/CHE/25/00799/FUL/
Newark and Sherwood,Outline,Permitted,2025-10-27,2025-12-04,Land Within Former Rufford Colliery Rufford Colliery Lane Rainworth,,See source,Request for EIA scoping opinion in respect of land within the former Rufford Colliery for mixed use development comprising data centre and residential development up to 400 dwellings.,https://www.planit.org.uk/planapplic/Newark/25/SCO/00002/
Fylde,Outline,Conditions,2025-10-30,2026-04-30,LAND AT BLACKPOOL AIRPORT ENTERPRISE ZONE AIRPORT ACCESS ROAD FROM SQUIRES GATE LANE BLACKPOOL FY4 2QS,FY4 2QS,See source,"OUTLINE APPLICATION FOR CONSTRUCTION OF A MIXED USE TECHNOLOGY EXEMPLAR BUILDING WITH A GROSS INTERNAL FLOOR SPACE OF UP TO 3164 SQUARE METRES INCORPORATING A DATA CENTRE (USE CLASS B8), RESEARCH AND DEVELOPMENT (USE CLASS E(G)(II) AND OFFICE (USE CLASS E(G)(I)) USES INCLUDING NEW ACCESS POINTS, PLANT EQUIPMENT, CAR PARKING AND OTHER ASSOCIATED INFRASTRUCTURE (ACCESS APPLIED FOR WITH ALL OTHER MATTERS RESERVED)",https://www.planit.org.uk/planapplic/Fylde/25/0646/
Leeds,Full,Undecided,2025-10-30,,Land At Skelton Grange / Knostrop Leeds LS9 0DZ,LS9 0DZ,See source,"Hybrid planning application for a phased development seeking full planning permission for development of a data centre campus (Use Class B8), with associated energy, power and water infrastructure, site access and internal roads, site security arrangements, hard and soft landscaping, and other ancillary and auxiliary forms of development; and outline planning permission with all matters reserved save for access, for warehouse and distribution development (Use Class B8) with associated infrastructure inclusive of an EV charging forecourt, car parking and landscaping.",https://www.planit.org.uk/planapplic/Leeds/25/06139/FU/
Ealing,Outline,Permitted,2025-11-03,2026-02-06,Unit F 6 Premier Park Road London NW10 7NZ,NW10 7NZ,,"Demolition of existing warehouse (Class B8) and phased redevelopment of site to provide a 25, 281sqm (GEA) data centre (Class B8) comprising main data centre building (structure up to 30m above ground level) with roof mounted flues (up to 36m above ground level) and attached three storey ancillary office, modular power room gantry, containerised generator gantry, entrance pavilion, substation, boundary enclosures, internal access road, car and cycle parking, landscaping, and alterations to vehicular and pedestrian access from Premier Park Road. (out of borough)",https://www.planit.org.uk/planapplic/Ealing/254196OPDCOB/
Brent,,Permitted,2025-11-03,2025-12-12,"Unit F, 6 Premier Park Road, London, NW10 7NZ",NW10 7NZ,See source,"Address: Unit F, 6, Premier Park Road, London, NW10 7NZ Proposal: Demolition of existing warehouse (Class B8) and phased redevelopment of site to provide a 25, 281sqm (GEA) data centre (Class B8) comprising main data centre building (structure up to 30m above ground level) with roof mounted flues (up to 36m above ground level) and attached three storey ancillary office, modular power room gantry, containerised generator gantry, entrance pavilion, substation, boundary enclosures, internal access road, car and cycle parking, landscaping, and alterations to vehicular and pedestrian access from Premier Park Road. Reference: 25/0196/FUMOPDC",https://www.planit.org.uk/planapplic/Brent/25/3098/
Trafford,Outline,Permitted,2025-11-07,2025-12-12,Ocean Estates Trafford Park Road Trafford Park Manchester M17 1AT,M17 1AT,,"Request for a Screening Opinion in respect of Regulation 6 of the Town and Country Planning (Environmental Impact Assessment) Regulations 2017 in relation to the redevelopment for general industry (Class B2) and/or storage and distribution purposes including data centre use (Class B8), with associated vehicular access, parking, service yards and landscaping.",https://www.planit.org.uk/planapplic/Trafford/117712/EIASCR/25/
Newport,Full,Conditions,2025-11-14,2026-03-26,Liberty Steel Corporation Road Newport NP19 4XE,NP19 4XE,See source,"CHANGE OF USE OF PART OF EXISTING INDUSTRIAL BUILDING (USE CLASS B2) TO DATA CENTRE (USE CLASS B8) INCLUDING RECLADDING OF EXTERNAL ELEVATIONS, INSTALLATION OF ASSOCIATED PLANT AND EQUIPMENT, AND ANCILLARY WORKS",https://www.planit.org.uk/planapplic/Newport/25/0983/
Vale of White Horse,Full,Undecided,2025-11-14,,"Land at Purchas Road, Didcot, OX11 7BF",OX11 7BF,See source,"Demolition of the existing building and structures on site, and all other associated site clearance works. Construction of a data centre building (Class B8) with plant at roof level with an emergency generator (1no.) and associated flue (provided within an external compound adjoining the data centre building), sprinkler tanks and pumphouse, security guard house, and provision of kiosk substation. The development also comprises the construction of a new access and internal road and circulation areas, footpaths, provision of car and bicycle parking, hard and soft landscaping and other associated works and ancillary site infrastructure. Amended plans received 26 March 2026.",https://www.planit.org.uk/planapplic/WhiteHorse/P25/V2462/FUL/
Brent,Outline,Undecided,2025-11-24,,"2-6 (Even) Hannah Close, London, NW10 0UX",NW10 0UX,See source,"Outline planning application (all matters reserved) for the demolition of all structures and phased redevelopment of the site to provide buildings extending up to 39m in height, comprising a mix of uses including: light industrial, general industrial, storage, distribution and logistics, waste facility and data centre, and ancillary office spaces, creation of servicing areas and provision of associated services, including waste, refuse, cycle storage, and lighting; and all associated works and operations including but not limited to: demolition; earthworks; provision of attenuation infrastructure, engineering operations.",https://www.planit.org.uk/planapplic/Brent/25/3290/
Anglesey,Amendment,Rejected,2025-12-08,2026-04-20,"Octel Bromine Works, Amlwch.",,See source,"Cais llawn ar gyfer newid defnydd adeiladau diwydiannol presennol (Dosbarth Defnydd B2) i Ganolfan Ddata AI (Dosbarth Defnydd B8) gan gynnwys ail-orchuddio drychiadau allanol, gosod peiriannau ac offer cysylltiedig, ynghyd â gwaith ategol yn y cyn / Full application for the change of use of existing industrial buildings (Use Class B2) to an AI Data Centre (Use Class B8) including recladding of external elevations, installation of associated plant and equipment, together with ancillary works at the former",https://www.planit.org.uk/planapplic/Anglesey/FPL/2025/305/
Chelmsford,Full,Undecided,2025-12-09,,Zone BE1 Beaulieu Exchange Beaulieu Parkway Chelmsford,,,"Erection of two data centres (Use Class B8) with ancillary office space, public realm, hard and soft landscaping, vehicular/pedestrian/cycle access and circulation works, car and cycle parking, sustainable drainage systems, re-levelling, creation of a new culvert, and other associated works.",https://www.planit.org.uk/planapplic/Chelmsford/25/01716/FUL/
Selby,Outline,Permitted,2025-12-09,2025-12-23,Drax Power Station New Road Drax Selby North Yorkshire YO8 8PH,YO8 8PH,See source,"EIA Screening Opinion in relation to the erection of a data centre (Use Class B8) with ancillary office space, external plant, site access, parking, cabling, landscaping and associated works",https://www.planit.org.uk/planapplic/Selby/ZG2025/1247/SCN/
Hounslow,Outline,Undecided,2025-12-10,,"Haslemere Heathrow Estate, Silver Jubilee Way, Hounslow, TW4 6NF",TW4 6NF,See source,"Outline planning permission with all matters reserved except access. A demolition phase and phased redevelopment (each phase being an independent act of development) comprising data centre use (Use Class B8) of up to 50,000 sqm GEA, including ancillary offices, internal plant and equipment (including flues), and substation. In addition up to 4,150sqm GEA of work units (Use Class E(g)(i-iii), B2, B8); car parking; provision of external plant and equipment (including flues); creation of servicing areas and provision of associated services, including waste, refuse, cycle storage, and lighting; and for the laying out of the buildings; routes and open spaces within the development; and all associated works and operations including but not limited to: demolition; earthworks; provision of attenuation infrastructure, engineering operations. This application is for a phased development, each phase being an independent act of development, capable of coming forward in distinct and separable phase... read more",https://www.planit.org.uk/planapplic/Hounslow/P/2025/3669/
Scottish Borders,Outline,Permitted,2025-12-10,2026-02-27,Southside Data Centre Land At Clawbare Cottage Longformacus Duns Scottish Borders,,See source,Erection of data centre and associated infrastructure,https://www.planit.org.uk/planapplic/ScottishBorders/25/01835/SCR/
Newport,Full,Conditions,2025-12-11,2026-05-06,Land Adjacent To Electric Substation Celtic Way Celtic Lakes Newport South Wales,,See source,INSTALLATION OF AN UNDERGROUND CABLE CONNECTION FROM 132KV SUBSTATION TO A DATA CENTRE,https://www.planit.org.uk/planapplic/Newport/25/1071/
Hertsmere,Full,Undecided,2025-12-15,,Site Of Former Mercure Hotel Tylers Way Watford Hertfordshire,,See source,"Redevelopment and clearance of site to deliver data centre campus consisting of (a) free standing data centre buildings (b) energy, power, and water infrastructure (c) site access and internal roads (d) site security arrangements (e) hard and soft, green and blue, landscaping and infrastructure (f) other ancillary and auxiliary forms of development.",https://www.planit.org.uk/planapplic/Hertsmere/25/1781/FUL/
North Lanarkshire,,Permitted,2025-12-17,2026-01-19,Land At Lancaster Avenue Chapelhall North Lanarkshire,,See source,"Construction of data centre building(s), together with associated development, infrastructure and utilities including flexible commercial/ industrial buildings, substation, and battery energy storage (BES) and generation (If BES greater than 50MW it will form a separate application to the ECU for Section 36 consent)",https://www.planit.org.uk/planapplic/NorthLanarkshire/25/01322/PAN/
North Lanarkshire,,Permitted,2025-12-17,2026-01-29,South Lanridge Farm Linrigg Road Newhouse North Lanarkshire ML1 5ND,ML1 5ND,See source,"Construction of data centre building(s), together with associated development, infrastructure and utilities including flexible commercial/ industrial buildings, substation, and battery energy storage (BES) and generation (If BES greater than 50MW it will form a separate application to the ECU for Section 36 consent)",https://www.planit.org.uk/planapplic/NorthLanarkshire/25/01328/PAN/
Watford,Amendment,Permitted,2025-12-18,2026-01-16,Park House 15 - 19 Greenhill Crescent Watford WD18 8PH,WD18 8PH,See source,"Lawful development certificate for confirmation under Section 192(1)(a) of the TCPA that a data centre is a lawful use of buildings or other land within Class B8 of Town and Country Planning (Use Classes) Order 1987 (as amended); and therefore, that the use of the site as a data centre would constitute a lawful use under planning permission ref. 24/00612/FULM (Amended description)",https://www.planit.org.uk/planapplic/Watford/25/01095/LDC/
Sefton,Full,Conditions,2026-01-07,2026-03-13,Land At Leckwith Road Netherton L30 6UE,L30 6UE,See source,Construction and operation of a data centre,https://www.planit.org.uk/planapplic/Sefton/DC/2025/01974/
Bassetlaw,Full,Withdrawn,2026-01-13,2026-04-30,West Burton Power Station South Road West Burton Nottinghamshire,,See source,"New Modular Building for a Data Centre to Include Server Racks, Switchboards, Heat Exchangers and UPS Backup Batteries",https://www.planit.org.uk/planapplic/Bassetlaw/26/00034/FUL/
Cardiff,,Undecided,2026-01-16,,Cardiff East Park And Ride Eastern Avenue Old St Mellons Cardiff CF23 8HH,CF23 8HH,,"Hybrid Application for the demolition of existing structures and redevelopment of the site to provide a data centre and associated buildings, structures, car parking, access roads, bridge across the Rhymney River, site wide landscaping, and associated works.",https://www.planit.org.uk/planapplic/Cardiff/26/00109/HYB/
Reigate,Full,Conditions,2026-01-16,2026-04-30,1 And 2 St Annes Boulevard Redhill Surrey RH1 1AX,RH1 1AX,See source,"Demolition of units 1 and 2 and construction of a single two-storey data centre accommodating four data halls and office block with associated plant, groundworks to site the building, fencing, landscaping and other works. As amended on 28/01/2026, 16/02/2026, 17/02/2026, 18/02/26, 19/02/2026, 20/02/2026, 10/03/2026, 13/03/2026, 16/03/2026 and as on 21/03/2026.",https://www.planit.org.uk/planapplic/Reigate/25/02312/F/
North Lanarkshire,,Permitted,2026-01-19,2026-02-02,Drumshangie Opencast Site Airdriehill Road Rawyards Airdrie North Lanarkshire,,See source,"Proposed Digital And Manufacturing Campus (Classes 4, 5, 6, And 10) Including Data Centres, Gigafactory, Research, Offices, Electricity Infrastructure, Ancillary Services (Classes 1 And 3 Including Sui Generis) With Access And Roads, Car Parking, Landscaping And Associated Development And Engineering Operations",https://www.planit.org.uk/planapplic/NorthLanarkshire/26/00069/PAN/
Slough,,Undecided,2026-01-22,,Highway Land Along Poyle Road,,See source,"Installation of underground and ground mounted structures to support electrical connection and communication cables with temporary construction compounds, and associated infrastructure and works in association with proposed Data Centre and Battery Energy Storage System at Manor Farm, Poyle Rd, Colnbrook, Slough SL3 0BL",https://www.planit.org.uk/planapplic/Slough/SMI/2026/005/
Hillingdon,Full,Undecided,2026-01-22,,SPELTHORNE DISTRICT COUNCIL OUTBOROUGH MIDDLESEX,,,"Installation of underground and ground mounted structures to support electrical connection and communication cables with temporary construction compounds, and associated infrastructure and works in association with proposed Data Centre and Battery Energy Storage System at Manor Farm, Poyle Road, Colnbrook, Slough SL3 0BL (Consultation by Spelthorne Borough Council).",https://www.planit.org.uk/planapplic/Hillingdon/39706/APP/2026/174/
Dacorum,Full,Permitted,2026-01-26,2026-03-23,3A Blossom Way Hemel Hempstead Hertfordshire HP2 4ZB,HP2 4ZB,See source,"Construction of a single-story building, to provide a Learning Lab and associated facilities, in connection with the adjacent Data Centre.",https://www.planit.org.uk/planapplic/Dacorum/26/00152/FUL/
West Oxfordshire,Outline,Undecided,2026-01-28,,The Wood Store Shilton Burford Oxfordshire OX18 4AP,OX18 4AP,See source,"Outline application for the erection of buildings to form data centre, previously approved as storage.",https://www.planit.org.uk/planapplic/WestOxfordshire/26/00067/OUT/
Buckinghamshire,Full,Undecided,2026-01-30,,Thorney Business Park Thorney Lane North Iver Buckinghamshire,,See source,"Demolition of the existing building and structures on site, and all other associated site clearance works. Construction of two data centre buildings (Class B8) with ancillary offices, associated plant, equipment and emergency backup generators, ancillary buildings and substation with vehicular access from Thorney Lane South and emergency access route onto Hollow Hill Lane together with internal circulation areas, car and cycle parking, hard and soft landscaping and other associated works and ancillary site infrastructure.",https://www.planit.org.uk/planapplic/Bucks/PL/25/4316/FA/
Dacorum,Full,Undecided,2026-02-09,,Plot 3 Maylands Avenue Hemel Hempstead Hertfordshire HP2 4FQ,HP2 4FQ,See source,"Site clearance works and construction of a data centre building (Class B8) with plant at roof level with an emergency generator (1no.) and associated flue (provided within an external compound adjoining the data centre building), sprinkler tanks and pumphouse, security guard house, and provision of kiosk substation. Construction of a new access and internal road and circulation areas, footpaths, provision of car and bicycle parking, hard and soft landscaping and other associated works and ancillary site infrastructure.",https://www.planit.org.uk/planapplic/Dacorum/26/00267/MFA/
Bedford,Outline,Undecided,2026-02-23,,Manton Park Manton Lane Bedford Bedfordshire MK41 7NU,MK41 7NU,See source,"Outline planning application with all matters reserved except Access and Scale, for the demolition of the existing data centre building and redevelopment of the site to provide a new data centre building (Use Class B8), together with associated servicing areas, security fencing, CCTV, car and cycle parking, landscaping, emergency back-up generators, substation and associated infrastructure",https://www.planit.org.uk/planapplic/Bedford/26/00355/MAO/
North Ayrshire,Outline,Permitted,2026-02-25,2026-03-30,Hunterston Estate West Kilbride North Ayrshire,,See source,Request for EIA Scoping Opinion for new data centre,https://www.planit.org.uk/planapplic/NorthAyrshire/26/00138/EIA/
Halton,Outline,Undecided,2026-02-27,,"Land At Widnes Waterfront Bounded By Earle Road, Tan House Lane, Moss Bank Road, Gorsey Road, Johnson's Lane; North Of St Helens Canal And Warrington & Stockport Railway Line At Moss Bank Widnes WA8 0GY",WA8 0GY,See source,"HYBRID PLANNING APPLICATION COMPRISING: FULL PLANNING application for construction, engineering and change of use (part retrospective) including; new and altered means of access at Earle Road and Moss Bank Road and related transport infrastructure; remodelling/regrading of land; related engineering and infrastructure works; drainage strategy; landscaping; means of enclosure; enabling works and ancillary development; and temporary change of use for open storage, storage of vehicles including commercial vehicles and self-storage (through shipping containers); and OUTLINE application (with all matters reserved except for Access) for a phased development comprising up to 169,800 sqm of total floorspace across commercial / industrial / warehousing / waste management facilities including: - Up to 162,850 sqm for B2/B8 uses (with ancillary offices) - Up to 75,320 sqm for a data centre (sui generis) - A battery energy storage system - Up to 28,610 sqm of E(g)(iii) floorspace (light industrial) - Up to 600 sqm retail / food & drink (E(a) / E(b)) - Up to 500 sqm indoor sport/recreation (E(d)) - Up to 500 sqm for a creche, nursery or day centre (E(f)) Plus associated works including site remediation, internal roads, parking, servicing, cycle and pedestrian routes, landscaping, SuDS and other ancillary infrastructure at",https://www.planit.org.uk/planapplic/Halton/26/00081/OUTEIA/
Warrington,Outline,,2026-03-04,,"Land at Widnes Waterfront bounded by Earle Road, Tan House Lane, Moss Bank Road, Gorsey Road, Johnson's Lane; north of St Helens Canal and Warrington & Stockport Railway Line at Moss Bank, Widnes, WA8 0GY",WA8 0GY,,"Hybrid Planning Application comprising: Full Planning application for construction, engineering and change of use (part retrospective) including; new and altered means of access at Earle Road and Moss Bank Road and related transport infrastructure; remodelling/regrading of land; related engineering and infrastructure works; drainage strategy; landscaping; means of enclosure; enabling works and ancillary development; and temporary change of use for open storage, storage of vehicles including commercial vehicles and self-storage (through shipping containers); and Outline application (with all matters reserved except for Access) for a phased development comprising up to 169,800 sqm of total floorspace across commercial / industrial / warehousing / waste management facilities including: - Up to 162,850 sqm for B2/B8 uses (with ancillary offices) - Up to 75,320 sqm for a data centre (sui generis) - A battery energy storage system - Up to 28,610 sqm of E(g)(iii) floorspace(light industrial) - Up to 600 sqm retail / food & drink (E(a) / E(b)) - Up to 500 sqm indoor sport/recreation (E(d)) - Up to 500 sqm for a creche, nursery or day centre (E(f)) Plus associated works including site remediation, internal roads, parking, servicing, cycle and pedestrian routes, landscaping, SuDS and other ancillary infrastructure *Cross boundary application - site 5 within WBC*",https://www.planit.org.uk/planapplic/Warrington/2026/00295/HYB/
Ashfield,Outline,Undecided,2026-03-04,,"Eon Uk Ltd, Little Oak Drive, Annesley, Nottinghamshire, NG15 0DR",NG15 0DR,See source,Outline application with all matters reserved except means of access for the construction of a data centre and associated infrastructure,https://www.planit.org.uk/planapplic/Ashfield/V/2026/0033/
Milton Keynes,Outline,Permitted,2026-03-05,2026-07-15,"Former BT Data Centre, Tavistock Street, Bletchley , Milton Keynes, MK2 2PG",MK2 2PG,See source,"Prior notification for the demolition of three existing buildings at the Former BT Data Centre, previously been used for industrial use",https://www.planit.org.uk/planapplic/MiltonKeynes/PLN/2026/0458/
Gwynedd,Full,,2026-03-10,,"Bwrdd Iechyd Prifysgol Betsi Cadwaladr, YSBYTY GWYNEDD Road Through Ysbyty Gwynedd, Ysbyty Gwynedd, Penrhosgarnedd, Bangor, Gwynedd, LL57 2PW",LL57 2PW,,Gosod adeilad modiwlaidd i weithredu fel canolfan ddata i gefnogi prif safle’r ysbyty. Bydd hwn yn cael ei leoli dros arwyneb caled presennol ac fe fydd angen tynnu’r cynwysyddion presennol. Bydd cyddwysyddion allanol yn cael eu cynnwys o fewn maes diogel newydd a darperir mynediad gyda ramp i mewn i’r adeilad modiwlaidd. Installation of a modular building to act as a data centre supporting the main hospital site. This will be located over existing hardstanding and shall require the removal of existing shipping containers. External condensers will be contained within a new secure compound and ramped access will be provided into the modular building.,https://www.planit.org.uk/planapplic/Gwynedd/C26/0160/25/LL/
Brent,Full,Undecided,2026-03-16,,"717 North Circular Road, Neasden, London, NW2 7AH",NW2 7AH,See source,Access road works (temporary accessway 5 year period) for implementation of 22/4185 for the proposed development to extend the existing data centre,https://www.planit.org.uk/planapplic/Brent/26/0665/
Redcar and Cleveland,Outline,Permitted,2026-03-16,2026-04-01,Land at Wilton International Redcar,,See source,Request for Screening Opinion (Town and Country Planning (Environmental Impact Assessment) Regulations 2017 (as amended) for construction and use of a data centre and ancillary infrastructure,https://www.planit.org.uk/planapplic/Redcar/R/2026/0183/SC/
Dumfries,Outline,Permitted,2026-03-20,2026-06-19,"Land To The North Of The Former Chapelcross Nuclear Power Station, Near Annan",,See source,"REQUEST FOR SCOPING OPINION UNDER THE TOWN AND COUNTRY PLANNING ENVIRONMENTAL IMPACT ASSESSMENT (SCOTLAND) REGULATIONS 2017 FOR A PROPOSED DATA-CENTRE LED DEVELOPMENT COMPRISING ERECTION OF BUILDINGS TO BE USED AS DATA CENTRES, TRAINING CENTRE/RECEPTION/SECURITY BUILDINGS, GENERAL INDUSTRIAL BUILDINGS, AND FORMATION OF SUBSTATION INCLUDING SWITCH ROOM BUILDING AND ASSOCIATED POWER DISTRIBUTION AND ELECTRICAL INFRASTRUCTURE",https://www.planit.org.uk/planapplic/Dumfries/26/0464/SCO/
Cherwell,Outline,Undecided,2026-03-20,,Land at Frieze Farm Frieze Way Gosford OX2 8JX,OX2 8JX,See source,"Outline Planning Permission all matters reserved except access for multi phased (severable) Innovation District development accommodating up to 290,500sqm of gross external floorspace comprising: Up to 170,000sqm gross external area of Research & Development Floorspace (Use Class E(g)ii); up to 36,000sqm gross external area of Higher Education Floorspace including Visitors Centre and Innovation Hub (Use Class F1(a)); up to 34,000sqm gross external area of Data Centre Floorspace (Use Class B8); up to 7,500sqm gross external area Energy Centre Floorspace (Use Class Sui Generis); up to 3,300sqm residential floorspace [up to 45 dwellings] (Use Class C3); up to 8,200sqm gross external area of Hotel floorspace [180 Bedroom] (Use Class C1); up to 3,300sqm gross external area of Further Education College (Use Class F1(a)); up to 950sqm gross external area of Commercial Floorspace (Use Class E(a) & (b)); up to 900sqm gross external area of Fire Station Floorspace (Use Class Sui Generis); up to 450sqm gross external area of Community Floorspace (Use Class F2); and up to 47,000sqm gross external area of car parking station for up to 1700 spaces with associated vehicle charging infrastructure and cycle parking (Use Sui Generis). Development to include ancillary offices, storage and servicing within the related use and maximum floorspace. Highway works, including: a new signalised T-junction from the A4260 Frieze Way to the eastern development parcel; a left-in, left-out arrangement on the western side of the A4260 Frieze Way for accessing the western development parcel; Fire Station access on to Frieze Way; upgraded existing priority junction on the A44 Woodstock Road to a Copenhagen crossing; a Pedestrian and Cycle Bridge Over the A34 and Train Line to Oxford Parkway; on-site walking and cycling infrastructure including diversion of Public Right of Way; removal of 2no. existing field access; surface car parking for up to 100 spaces with associated vehicle charging infrastructure and cycle parking. Landscape and public realm, including country park, areas for sustainable urban drainage systems including ponds, biodiversity areas and earthworks including landform re-profiling and formation of sculptural mounds. Utilities and infrastructure including sub stations; together with enabling, site clearance and associated works.",https://www.planit.org.uk/planapplic/Cherwell/26/00720/OUT/
Central Bedfordshire,Outline,Undecided,2026-04-28,,"Land North of Beamish Close, Sandy, Bedfordshire, SG19 1SD",SG19 1SD,,"Hybrid planning application comprising: Outline application for commercial development for up to 71,000 sqm of flexible employment floorspace including industrial and/or a data centre and/or research and development (Class B2, B8, E(g)(ii), E(g)(iii)), together with associated buildings, structures, car parking, access roads and landscaping works (all matters reserved). Full application for a landscape buffer",https://www.planit.org.uk/planapplic/CentralBedfordshire/CB/26/01348/OUT/
Bassetlaw,Full,Undecided,2026-04-28,,Land Off South Road West Burton Nottinghamshire,,See source,Erection of a New Modular Data Centre Building,https://www.planit.org.uk/planapplic/Bassetlaw/26/00498/FUL/
Rochdale,Full,Undecided,2026-04-30,,"Land on West Side of Hanson Street, Middleton, Manchester, M24 6AG",M24 6AG,See source,"Change of use from vacant industrial yard to Modular Data Centre comprising four prefabricated modular units with chiller units on the roof, two transformers, external steps to roof and 2.4m high palisade boundary fencing",https://www.planit.org.uk/planapplic/Rochdale/PL/2026/0034/
Northumberland (County),Full,Undecided,2026-05-05,,Land North East Of Unit 5 Sleekburn Business Centre West Sleekburn Northumberland,,See source,"The creation of an improved all-vehicle access road off Wembley Gardens, East Bedlington to access Ferguson Business Park East and the Cambois Data Centre approved under outline planning approval 24/04112/OUTES",https://www.planit.org.uk/planapplic/Northumberland/26/01570/FUL/
Doncaster,Full,Permitted,2026-05-07,2026-07-15,MM02 4625 Communication Station Churchill Road Wheatley Doncaster DN1 2TF,DN1 2TF,See source,"Installation of 2 no. modular data centres measuring 12m x 4m, 2 no. generators measuring 4m x 2.5m, 1 no. electric meter cabinet, 2.4m palisade compound and compound base to be finished with local stone, and demolition of existing mast",https://www.planit.org.uk/planapplic/Doncaster/26/00873/FUL/
Dumfries,,Undecided,2026-05-11,,Land North Of The Former Chapelcross Nuclear Power Station Near Annan DG12 6RF,DG12 6RF,,"PROPOSAL OF APPLICATION NOTICE FOR DATA CENTRE LED DEVELOPMENT INCLUDING UP TO 162,000 SQUARE METRES OF DATA CENTRE BUILDINGS, UP TO 1,100 SQUARE METRES OF TRAINING CENTRE/RECEPTION/SECURITY, UP TO 6,500 SQUARE METRES OF INDUSTRIAL UNITS, SUBSTATION AND OTHER ASSOCIATED INFRASTRUCTURE",https://www.planit.org.uk/planapplic/Dumfries/26/0855/PAN/
Rhondda,Full,Undecided,2026-05-14,,"Land At Mwyndy Cross, East Of A4119 Pontyclun",,See source,"Erection of a 21,490sqm Class B8 data centre with associated access, parking, drainage, landscaping, services and utilities.",https://www.planit.org.uk/planapplic/Rhondda/26/0404/FUL/
Bristol,Full,Undecided,2026-05-15,,Polymers Recycling Facility Viridor Severn Road Avonmouth Bristol BS11 0YL,BS11 0YL,See source,"Change of use of existing polymers recycling facility for use as a data centre, installation of external plant and generating equipment, elevational alterations, creation of new site access points, landscaping and other associated ancillary works.",https://www.planit.org.uk/planapplic/Bristol/26/12083/F/
South Oxfordshire,Conditions,Conditions,2026-05-19,2026-07-01,"Land at Former Didcot A Power Station, north of Milton Road, Didcot Didcot",,See source,"Discharge conditions: 6 (Carbon Reduction Verification) and 11 (Remediation Verification) of planning permission P21/S0274/FUL Hybrid planning application consisting of a) Full Planning Application for the erection of a single storey 8,692 m2 Data Centre building (containing data halls, associated electrical and AHU Plant Rooms, loading bay, maintenance and storage space, office administration areas and screened plant at roof level), emergency generators and emission stacks, diesel tanks and filling area, electrical switchroom, a water sprinkler pump room and storage tanks, a gate house / security building, MV substation, site access, internal access roads, drainage infrastructure, hard and soft landscaping and b) Outline Planning Application for the erection of a two storey 20,800 m2 Data Centre building (containing data halls, associated electrical and AHU Plant Rooms, loading bay, maintenance and storage space, office administration areas and screened plant at roof level), emergency generators and emission stacks, diesel tanks and filling area, electrical switchroom, a water sprinkler pump room and storage tanks; details of appearance will be reserved, along with hard landscaping immediately around the building.",https://www.planit.org.uk/planapplic/SouthOxfordshire/P26/S1492/DIS/
Manchester,Full,Permitted,2026-05-28,2026-07-13,1 Cheam Close Manchester M11 2WH,M11 2WH,See source,Construction and operation of a modular data centre.,https://www.planit.org.uk/planapplic/Manchester/PLA-2026-000160/
Falkirk,Full,Undecided,2026-05-29,,Land To The North East Of Glenbervie Nursery Stirling Road Larbert,,See source,"Construction of an AI Data Centre with 300MW Demand Utility Capacity and Car Parking, Landscaping, Roads, Access and Associated Works",https://www.planit.org.uk/planapplic/Falkirk/P/26/0237/FUL/
Buckinghamshire,Outline,Undecided,2026-06-01,,Land North Of M40 and Both Sides Of Denham Court Drive Denham Buckinghamshire,,See source,"Outline planning application (all matters of detail reserved) for construction of data centre, including ancillary offices, plant and cooling equipment, emergency backup generators. Other works include means of access, internal roads and footpaths, cycle and car parking, hard and soft landscaping, security gatehouses and perimeter fencing, lighting, drainage, pumping station, electricity substation and other associated works and infrastructure.",https://www.planit.org.uk/planapplic/Bucks/PL/26/04446/OA/
North Lincs,Outline,,2026-07-01,,"Land east of Normanby Road, SCUNTHORPE, DN15 9BE",DN15 9BE,,"EIA screening request for the construction of data centre buildings with associated solar farm, including installation of external plant equipment and structures, landscaping and other associated ancillary works.’",https://www.planit.org.uk/planapplic/NorthLincs/PA/SCR/2026/752/
